Series_Title,Year,title_norm,kg_id,imdb_id,kg_release_date,kg_vote_avg,kg_vote_count,_matched_key
The Godfather,1972,the godfather,238.0,tt0068646,1972-03-14,8.5,6024.0,title_norm
The Dark Knight,2008,the dark knight,155.0,tt0468569,2008-07-16,8.3,12269.0,title_norm
The Godfather: Part II,1974,the godfather part ii,240.0,tt0071562,1974-12-20,8.3,3418.0,title_norm
12 Angry Men,1957,12 angry men,389.0,tt0050083,1957-03-25,8.2,2130.0,title_norm
The Lord of the Rings: The Return of the King,2003,the lord of the rings the return of the king,122.0,tt0167260,2003-12-01,8.1,8226.0,title_norm
Pulp Fiction,1994,pulp fiction,680.0,tt0110912,1994-09-10,8.3,8670.0,title_norm
Schindler's List,1993,schindlers list,424.0,tt0108052,1993-11-29,8.3,4436.0,title_norm
Inception,2010,inception,27205.0,tt1375666,2010-07-14,8.1,14075.0,title_norm
Fight Club,1999,fight club,550.0,tt0137523,1999-10-15,8.3,9678.0,title_norm
The Lord of the Rings: The Fellowship of the Ring,2001,the lord of the rings the fellowship of the ring,120.0,tt0120737,2001-12-18,8.0,8892.0,title_norm
Forrest Gump,1994,forrest gump,13.0,tt0109830,1994-07-06,8.2,8147.0,title_norm
"Il buono, il brutto, il cattivo",1966,il buono il brutto il cattivo,429,tt0060196,1966-12-23,8.1,2371.0,original_title_norm
The Lord of the Rings: The Two Towers,2002,the lord of the rings the two towers,121.0,tt0167261,2002-12-18,8.0,7641.0,title_norm
The Matrix,1999,the matrix,603.0,tt0133093,1999-03-30,7.9,9079.0,title_norm
Goodfellas,1990,goodfellas,769.0,tt0099685,1990-09-12,8.2,3211.0,title_norm
Star Wars: Episode V - The Empire Strikes Back,1980,star wars episode v  the empire strikes back,,,,,,
One Flew Over the Cuckoo's Nest,1975,one flew over the cuckoos nest,510.0,tt0073486,1975-11-18,8.3,3001.0,title_norm
Hamilton,2020,hamilton,,,,,,
Gisaengchung,2019,gisaengchung,,,,,,
Soorarai Pottru,2020,soorarai pottru,,,,,,
Interstellar,2014,interstellar,157336.0,tt0816692,2014-11-05,8.1,11187.0,title_norm
Cidade de Deus,2002,cidade de deus,598,tt0317248,2002-02-05,8.2,1852.0,original_title_norm
Sen to Chihiro no kamikakushi,2001,sen to chihiro no kamikakushi,,,,,,
Saving Private Ryan,1998,saving private ryan,857.0,tt0120815,1998-07-24,7.9,5148.0,title_norm
The Green Mile,1999,the green mile,497.0,tt0120689,1999-12-10,8.2,4166.0,title_norm
La vita è bella,1997,la vita è bella,637,tt0118799,1997-12-20,8.3,3643.0,original_title_norm
Se7en,1995,se7en,807.0,tt0114369,1995-09-22,8.1,5915.0,title_norm
The Silence of the Lambs,1991,the silence of the lambs,274.0,tt0102926,1991-02-01,8.1,4549.0,title_norm
Star Wars,1977,star wars,11.0,tt0076759,1977-05-25,8.1,6778.0,title_norm
Seppuku,1962,seppuku,,,,,,
Shichinin no samurai,1954,shichinin no samurai,,,,,,
It's a Wonderful Life,1946,its a wonderful life,1585.0,tt0038650,1946-12-20,8.0,1103.0,title_norm
Joker,2019,joker,,,,,,
Whiplash,2014,whiplash,244786.0,tt2582802,2014-10-10,8.3,4376.0,title_norm
The Intouchables,2011,the intouchables,77338.0,tt1675434,2011-11-02,8.2,5410.0,title_norm
The Prestige,2006,the prestige,1124.0,tt0482571,2006-10-19,8.0,4510.0,title_norm
The Departed,2006,the departed,1422.0,tt0407887,2006-10-05,7.9,4455.0,title_norm
The Pianist,2002,the pianist,423.0,tt0253474,2002-09-24,8.1,1927.0,title_norm
Gladiator,2000,gladiator,98.0,tt0172495,2000-05-01,7.9,5566.0,title_norm
American History X,1998,american history x,73.0,tt0120586,1998-10-30,8.2,3120.0,title_norm
The Usual Suspects,1995,the usual suspects,629.0,tt0114814,1995-07-19,8.1,3334.0,title_norm
Léon,1994,léon,101,tt0110413,1994-09-14,8.2,4293.0,original_title_norm
The Lion King,1994,the lion king,8587.0,tt0110357,1994-06-23,8.0,5520.0,title_norm
Terminator 2: Judgment Day,1991,terminator 2 judgment day,280.0,tt0103064,1991-07-01,7.7,4274.0,title_norm
Nuovo Cinema Paradiso,1988,nuovo cinema paradiso,11216,tt0095765,1988-11-17,8.2,834.0,original_title_norm
Hotaru no haka,1988,hotaru no haka,,,,,,
Back to the Future,1985,back to the future,105.0,tt0088763,1985-07-03,8.0,6239.0,title_norm
Once Upon a Time in the West,1968,once upon a time in the west,335.0,tt0064116,1968-12-21,8.1,1160.0,title_norm
Psycho,1960,psycho,539.0,tt0054215,1960-06-16,8.3,2405.0,title_norm
Casablanca,1942,casablanca,289.0,tt0034583,1942-11-26,7.9,1462.0,title_norm
Modern Times,1936,modern times,3082.0,tt0027977,1936-02-05,8.1,881.0,title_norm
City Lights,1931,city lights,901.0,tt0021749,1931-01-30,8.2,444.0,title_norm
Capharnaüm,2018,capharnaüm,,,,,,
Ayla: The Daughter of War,2017,ayla the daughter of war,,,,,,
Vikram Vedha,2017,vikram vedha,,,,,,
Kimi no na wa.,2016,kimi no na wa,,,,,,
Dangal,2016,dangal,360814.0,tt5074352,2016-12-23,8.0,140.0,title_norm
Spider-Man: Into the Spider-Verse,2018,spiderman into the spiderverse,,,,,,
Avengers: Endgame,2019,avengers endgame,,,,,,
Avengers: Infinity War,2018,avengers infinity war,,,,,,
Coco,2017,coco,,,,,,
Django Unchained,2012,django unchained,68718.0,tt1853728,2012-12-25,7.8,10297.0,title_norm
The Dark Knight Rises,2012,the dark knight rises,49026.0,tt1345836,2012-07-16,7.6,9263.0,title_norm
3 Idiots,2009,3 idiots,20453.0,tt1187043,2009-12-23,7.8,850.0,title_norm
Taare Zameen Par,2007,taare zameen par,7508.0,tt0986264,2007-12-21,7.7,194.0,title_norm
WALL·E,2008,walle,10681.0,tt0910970,2008-06-22,7.8,6439.0,title_norm
The Lives of Others,2006,the lives of others,582.0,tt0405094,2006-03-15,7.9,977.0,title_norm
Oldeuboi,2003,oldeuboi,,,,,,
Memento,2000,memento,77.0,tt0209144,2000-10-11,8.1,4168.0,title_norm
Mononoke-hime,1997,mononokehime,,,,,,
Once Upon a Time in America,1984,once upon a time in america,311.0,tt0087843,1984-02-16,8.3,1104.0,title_norm
Raiders of the Lost Ark,1981,raiders of the lost ark,85.0,tt0082971,1981-06-12,7.7,3949.0,title_norm
The Shining,1980,the shining,694.0,tt0081505,1980-05-22,8.1,3890.0,title_norm
Apocalypse Now,1979,apocalypse now,28.0,tt0078788,1979-08-15,8.0,2112.0,title_norm
Alien,1979,alien,348.0,tt0078748,1979-05-25,7.9,4564.0,title_norm
Anand,1971,anand,,,,,,
Tengoku to jigoku,1963,tengoku to jigoku,,,,,,
Dr. Strangelove or: How I Learned to Stop Worrying and Love the Bomb,1964,dr strangelove or how i learned to stop worrying and love the bomb,935.0,tt0057012,1964-01-29,8.0,1472.0,title_norm
Witness for the Prosecution,1957,witness for the prosecution,37257.0,tt0051201,1957-12-17,8.1,278.0,title_norm
Paths of Glory,1957,paths of glory,975.0,tt0050825,1957-09-18,8.2,565.0,title_norm
Rear Window,1954,rear window,567.0,tt0047396,1954-08-01,8.2,1531.0,title_norm
Sunset Blvd.,1950,sunset blvd,,,,,,
The Great Dictator,1940,the great dictator,914.0,tt0032553,1940-10-15,8.1,756.0,title_norm
1917,2019,1917,,,,,,
Tumbbad,2018,tumbbad,,,,,,
Andhadhun,2018,andhadhun,,,,,,
Drishyam,2013,drishyam,244049.0,tt3417422,2013-12-19,8.1,23.0,title_norm
Jagten,2012,jagten,103663,tt2106476,2012-08-28,7.9,946.0,original_title_norm
Jodaeiye Nader az Simin,2011,jodaeiye nader az simin,,,,,,
Incendies,2010,incendies,46738.0,tt1255953,2010-09-04,7.9,496.0,title_norm
Miracle in cell NO.7,2019,miracle in cell no7,,,,,,
Babam ve Oglum,2005,babam ve oglum,,,,,,
Inglourious Basterds,2009,inglourious basterds,16869.0,tt0361748,2009-08-18,7.9,6598.0,title_norm
Eternal Sunshine of the Spotless Mind,2004,eternal sunshine of the spotless mind,38.0,tt0338013,2004-03-19,7.9,3758.0,title_norm
Amélie,2001,amélie,194.0,tt0211915,2001-04-25,7.8,3403.0,title_norm
Snatch,2000,snatch,107.0,tt0208092,2000-09-01,7.7,2953.0,title_norm
Requiem for a Dream,2000,requiem for a dream,641.0,tt0180093,2000-10-27,7.9,2525.0,title_norm
American Beauty,1999,american beauty,14.0,tt0169547,1999-09-15,7.9,3438.0,title_norm
Good Will Hunting,1997,good will hunting,489.0,tt0119217,1997-12-05,7.9,2880.0,title_norm
Bacheha-Ye aseman,1997,bachehaye aseman,,,,,,
Toy Story,1995,toy story,862.0,tt0114709,1995-10-30,7.7,5415.0,title_norm
Braveheart,1995,braveheart,197.0,tt0112573,1995-05-24,7.7,3404.0,title_norm
Reservoir Dogs,1992,reservoir dogs,500.0,tt0105236,1992-09-02,8.1,3821.0,title_norm
Full Metal Jacket,1987,full metal jacket,600.0,tt0093058,1987-06-26,7.9,2595.0,title_norm
Idi i smotri,1985,idi i smotri,,,,,,
Aliens,1986,aliens,679.0,tt0090605,1986-07-18,7.7,3282.0,title_norm
Amadeus,1984,amadeus,279.0,tt0086879,1984-10-26,7.8,1107.0,title_norm
Scarface,1983,scarface,111.0,tt0086250,1983-12-08,8.0,3017.0,title_norm
Star Wars: Episode VI - Return of the Jedi,1983,star wars episode vi  return of the jedi,,,,,,
Das Boot,1981,das boot,387.0,tt0082096,1981-09-16,7.9,623.0,title_norm
Taxi Driver,1976,taxi driver,103.0,tt0075314,1976-02-07,8.1,2632.0,title_norm
The Sting,1973,the sting,9277.0,tt0070735,1973-12-25,7.9,639.0,title_norm
A Clockwork Orange,1971,a clockwork orange,185.0,tt0066921,1971-12-18,8.0,3432.0,title_norm
2001: A Space Odyssey,1968,2001 a space odyssey,62.0,tt0062622,1968-04-10,7.9,3075.0,title_norm
Per qualche dollaro in più,1965,per qualche dollaro in più,938,tt0059578,1965-12-18,7.8,988.0,original_title_norm
Lawrence of Arabia,1962,lawrence of arabia,947.0,tt0056172,1962-12-10,7.8,870.0,title_norm
The Apartment,1960,the apartment,284.0,tt0053604,1960-06-15,8.1,498.0,title_norm
North by Northwest,1959,north by northwest,213.0,tt0053125,1959-07-07,7.8,1062.0,title_norm
Vertigo,1958,vertigo,426.0,tt0052357,1958-05-09,8.0,1162.0,title_norm
Singin' in the Rain,1952,singin in the rain,872.0,tt0045152,1952-04-10,7.9,747.0,title_norm
Ikiru,1952,ikiru,3782.0,tt0044741,1952-10-09,8.1,208.0,title_norm
Ladri di biciclette,1948,ladri di biciclette,5156,tt0040522,1948-11-24,8.0,404.0,original_title_norm
Double Indemnity,1944,double indemnity,996.0,tt0036775,1944-04-24,8.0,425.0,title_norm
Citizen Kane,1941,citizen kane,15.0,tt0033467,1941-04-30,8.0,1244.0,title_norm
M - Eine Stadt sucht einen Mörder,1931,m  eine stadt sucht einen mörder,,,,,,
Metropolis,1927,metropolis,19.0,tt0017136,1927-01-10,8.0,666.0,title_norm
The Kid,1921,the kid,10098.0,tt0012349,1921-01-21,8.0,404.0,title_norm
Chhichhore,2019,chhichhore,,,,,,
Uri: The Surgical Strike,2018,uri the surgical strike,,,,,,
K.G.F: Chapter 1,2018,kgf chapter 1,,,,,,
Green Book,2018,green book,,,,,,
"Three Billboards Outside Ebbing, Missouri",2017,three billboards outside ebbing missouri,,,,,,
Talvar,2015,talvar,353464.0,tt4934950,2015-09-14,7.6,33.0,title_norm
Baahubali 2: The Conclusion,2017,baahubali 2 the conclusion,350312.0,tt4849438,2017-04-27,6.7,161.0,title_norm
Klaus,2019,klaus,,,,,,
Drishyam,2015,drishyam,352173.0,tt4430212,2015-07-31,7.5,49.0,title_norm
Queen,2013,queen,,,,,,
Mandariinid,2013,mandariinid,238628,tt2991224,2013-10-16,7.4,83.0,original_title_norm
Bhaag Milkha Bhaag,2013,bhaag milkha bhaag,206324.0,tt2356180,2013-07-12,7.3,62.0,title_norm
Gangs of Wasseypur,2012,gangs of wasseypur,117691.0,tt1954470,2012-06-22,7.0,83.0,title_norm
Udaan,2010,udaan,45316.0,tt1639426,2010-06-17,6.7,39.0,title_norm
Paan Singh Tomar,2012,paan singh tomar,96398.0,tt1620933,2012-03-02,7.3,28.0,title_norm
El secreto de sus ojos,2009,el secreto de sus ojos,25376,tt1305806,2009-08-13,7.8,638.0,original_title_norm
Warrior,2011,warrior,59440.0,tt1291584,2011-09-09,7.7,1297.0,title_norm
Shutter Island,2010,shutter island,11324.0,tt1130884,2010-02-18,7.8,6559.0,title_norm
Up,2009,up,14160.0,tt1049413,2009-05-13,7.8,7048.0,title_norm
The Wolf of Wall Street,2013,the wolf of wall street,106646.0,tt0993846,2013-12-25,7.9,6768.0,title_norm
Chak De! India,2007,chak de india,14163.0,tt0871510,2007-08-10,6.8,69.0,title_norm
There Will Be Blood,2007,there will be blood,7345.0,tt0469494,2007-12-28,7.9,1581.0,title_norm
Pan's Labyrinth,2006,pans labyrinth,1417.0,tt0457430,2006-05-27,7.6,3122.0,title_norm
Toy Story 3,2010,toy story 3,10193.0,tt0435761,2010-06-16,7.6,4710.0,title_norm
V for Vendetta,2005,v for vendetta,,,,,,
Rang De Basanti,2006,rang de basanti,7913.0,tt0405508,2006-01-26,7.2,98.0,title_norm
Black,2005,black,31977.0,tt0375611,2005-02-04,7.7,40.0,title_norm
Batman Begins,2005,batman begins,272.0,tt0372784,2005-06-10,7.5,7511.0,title_norm
"Swades: We, the People",2004,swades we the people,15774.0,tt0367110,2004-12-17,7.3,78.0,title_norm
Der Untergang,2004,der untergang,613,tt0363163,2004-09-08,7.7,1059.0,original_title_norm
Hauru no ugoku shiro,2004,hauru no ugoku shiro,,,,,,
A Beautiful Mind,2001,a beautiful mind,453.0,tt0268978,2001-12-11,7.7,3087.0,title_norm
Hera Pheri,2000,hera pheri,21614.0,tt0242519,2000-03-31,6.4,39.0,title_norm
"Lock, Stock and Two Smoking Barrels",1998,lock stock and two smoking barrels,100.0,tt0120735,1998-03-05,7.5,1671.0,title_norm
L.A. Confidential,1997,la confidential,2118.0,tt0119488,1997-09-19,7.7,1340.0,title_norm
Eskiya,1996,eskiya,,,,,,
Heat,1995,heat,949.0,tt0113277,1995-12-15,7.7,1886.0,title_norm
Casino,1995,casino,524.0,tt0112641,1995-11-22,7.8,1343.0,title_norm
Andaz Apna Apna,1994,andaz apna apna,58128.0,tt0109117,1994-04-11,7.6,51.0,title_norm
Unforgiven,1992,unforgiven,33.0,tt0105695,1992-08-07,7.7,1133.0,title_norm
Indiana Jones and the Last Crusade,1989,indiana jones and the last crusade,89.0,tt0097576,1989-05-24,7.6,3221.0,title_norm
Dom za vesanje,1988,dom za vesanje,,,,,,
Tonari no Totoro,1988,tonari no totoro,,,,,,
Die Hard,1988,die hard,562.0,tt0095016,1988-07-15,7.5,4005.0,title_norm
Ran,1985,ran,11645.0,tt0089881,1985-06-01,7.9,349.0,title_norm
Raging Bull,1980,raging bull,1578.0,tt0081398,1980-11-14,7.7,968.0,title_norm
Stalker,1979,stalker,1398.0,tt0079944,1979-04-16,7.8,356.0,title_norm
Höstsonaten,1978,höstsonaten,12761,tt0077711,1978-10-08,7.8,83.0,original_title_norm
The Message,1976,the message,86997.0,tt0075143,1976-03-09,7.6,11.0,title_norm
Sholay,1975,sholay,12259.0,tt0073707,1975-08-15,6.9,58.0,title_norm
Monty Python and the Holy Grail,1975,monty python and the holy grail,762.0,tt0071853,1975-03-13,7.8,1742.0,title_norm
The Great Escape,1963,the great escape,5925.0,tt0057115,1963-06-20,7.8,731.0,title_norm
To Kill a Mockingbird,1962,to kill a mockingbird,595.0,tt0056592,1962-12-25,7.9,676.0,title_norm
Yôjinbô,1961,yôjinbô,,,,,,
Judgment at Nuremberg,1961,judgment at nuremberg,821.0,tt0055031,1961-12-01,7.6,161.0,title_norm
Some Like It Hot,1959,some like it hot,239.0,tt0053291,1959-03-18,8.0,835.0,title_norm
Smultronstället,1957,smultronstället,614,tt0050986,1957-12-26,7.9,306.0,original_title_norm
Det sjunde inseglet,1957,det sjunde inseglet,490,tt0050976,1957-02-16,7.9,569.0,original_title_norm
Du rififi chez les hommes,1955,du rififi chez les hommes,934,tt0048021,1955-04-13,7.7,90.0,original_title_norm
Dial M for Murder,1954,dial m for murder,521.0,tt0046912,1954-05-29,7.9,539.0,title_norm
Tôkyô monogatari,1953,tôkyô monogatari,,,,,,
Rashômon,1950,rashômon,,,,,,
All About Eve,1950,all about eve,705.0,tt0042192,1950-11-09,8.0,367.0,title_norm
The Treasure of the Sierra Madre,1948,the treasure of the sierra madre,3090.0,tt0040897,1948-01-24,7.9,285.0,title_norm
To Be or Not to Be,1942,to be or not to be,198.0,tt0035446,1942-03-05,7.7,119.0,title_norm
The Gold Rush,1925,the gold rush,962.0,tt0015864,1925-06-25,7.7,308.0,title_norm
Sherlock Jr.,1924,sherlock jr,992.0,tt0015324,1924-04-21,8.1,134.0,title_norm
Portrait de la jeune fille en feu,2019,portrait de la jeune fille en feu,,,,,,
Pink,2016,pink,415358.0,tt5571734,2016-09-16,8.0,39.0,title_norm
Koe no katachi,2016,koe no katachi,,,,,,
Contratiempo,2016,contratiempo,411088,tt4857264,2016-12-15,8.1,395.0,original_title_norm
Ah-ga-ssi,2016,ahgassi,,,,,,
Mommy,2014,mommy,265177.0,tt3612616,2014-05-22,8.2,734.0,title_norm
Haider,2014,haider,280795.0,tt3390572,2014-10-02,7.2,65.0,title_norm
Logan,2017,logan,263115.0,tt3315342,2017-02-28,7.6,6310.0,title_norm
Room,2015,room,264644.0,tt3170832,2015-10-16,8.1,2838.0,title_norm
Relatos salvajes,2014,relatos salvajes,265195,tt3011894,2014-08-21,7.7,878.0,original_title_norm
Soul,2020,soul,,,,,,
Kis Uykusu,2014,kis uykusu,,,,,,
PK,2014,pk,297222.0,tt2338151,2014-12-18,7.7,262.0,title_norm
OMG: Oh My God!,2012,omg oh my god,135718.0,tt2283748,2012-09-28,7.1,42.0,title_norm
The Grand Budapest Hotel,2014,the grand budapest hotel,120467.0,tt2278388,2014-02-26,8.0,4644.0,title_norm
Gone Girl,2014,gone girl,210577.0,tt2267998,2014-10-01,7.9,6023.0,title_norm
Ôkami kodomo no Ame to Yuki,2012,ôkami kodomo no ame to yuki,,,,,,
Hacksaw Ridge,2016,hacksaw ridge,324786.0,tt2119532,2016-10-07,7.8,3294.0,title_norm
Inside Out,2015,inside out,150540.0,tt2096673,2015-06-09,7.9,6737.0,title_norm
Barfi!,2012,barfi,127501.0,tt2082197,2012-09-14,7.2,84.0,title_norm
12 Years a Slave,2013,12 years a slave,76203.0,tt2024544,2013-10-18,7.9,3787.0,title_norm
Rush,2013,rush,96721.0,tt1979320,2013-09-02,7.7,2310.0,title_norm
Ford v Ferrari,2019,ford v ferrari,,,,,,
Spotlight,2015,spotlight,314365.0,tt1895587,2015-11-06,7.8,2751.0,title_norm
Song of the Sea,2014,song of the sea,110416.0,tt1865505,2014-09-06,8.1,420.0,title_norm
Kahaani,2012,kahaani,82825.0,tt1821480,2012-03-09,7.3,61.0,title_norm
Zindagi Na Milegi Dobara,2011,zindagi na milegi dobara,61202.0,tt1562872,2011-07-15,7.6,83.0,title_norm
Prisoners,2013,prisoners,146233.0,tt1392214,2013-09-18,7.9,3183.0,title_norm
Mad Max: Fury Road,2015,mad max fury road,76341.0,tt1392190,2015-05-13,7.3,9629.0,title_norm
A Wednesday,2008,a wednesday,19703.0,tt1280558,2008-09-05,7.0,61.0,title_norm
Gran Torino,2008,gran torino,13223.0,tt1205489,2008-12-09,7.8,3181.0,title_norm
Harry Potter and the Deathly Hallows: Part 2,2011,harry potter and the deathly hallows part 2,12445.0,tt1201607,2011-07-07,7.9,6141.0,title_norm
Okuribito,2008,okuribito,,,,,,
Hachi: A Dog's Tale,2009,hachi a dogs tale,28178.0,tt1028532,2009-06-13,7.7,1769.0,title_norm
Mary and Max,2009,mary and max,24238.0,tt0978762,2009-02-09,7.8,596.0,title_norm
How to Train Your Dragon,2010,how to train your dragon,10191.0,tt0892769,2010-03-05,7.5,4319.0,title_norm
Into the Wild,2007,into the wild,5915.0,tt0758758,2007-09-11,7.8,3139.0,title_norm
No Country for Old Men,2007,no country for old men,6977.0,tt0477348,2007-11-08,7.7,3083.0,title_norm
Lage Raho Munna Bhai,2006,lage raho munna bhai,21461.0,tt0456144,2006-01-01,7.6,45.0,title_norm
Million Dollar Baby,2004,million dollar baby,70.0,tt0405159,2004-12-15,7.7,2519.0,title_norm
Hotel Rwanda,2004,hotel rwanda,205.0,tt0395169,2004-09-11,7.5,805.0,title_norm
Taegukgi hwinalrimyeo,2004,taegukgi hwinalrimyeo,,,,,,
Before Sunset,2004,before sunset,80.0,tt0381681,2004-02-10,7.6,734.0,title_norm
Munna Bhai M.B.B.S.,2003,munna bhai mbbs,19625.0,tt0374887,2003-12-19,7.3,54.0,title_norm
Salinui chueok,2003,salinui chueok,,,,,,
Dil Chahta Hai,2001,dil chahta hai,14752.0,tt0292490,2001-07-24,7.1,71.0,title_norm
Kill Bill: Vol. 1,2003,kill bill vol 1,24.0,tt0266697,2003-10-10,7.7,5091.0,title_norm
Finding Nemo,2003,finding nemo,12.0,tt0266543,2003-05-30,7.6,6292.0,title_norm
Catch Me If You Can,2002,catch me if you can,640.0,tt0264464,2002-12-25,7.7,3917.0,title_norm
Amores perros,2000,amores perros,55.0,tt0245712,2000-06-16,7.6,537.0,title_norm
"Monsters, Inc.",2001,monsters inc,585.0,tt0198781,2001-11-01,7.5,6150.0,title_norm
"Shin seiki Evangelion Gekijô-ban: Air/Magokoro wo, kimi ni",1997,shin seiki evangelion gekijôban airmagokoro wo kimi ni,,,,,,
Lagaan: Once Upon a Time in India,2001,lagaan once upon a time in india,19666.0,tt0169102,2001-06-15,7.2,125.0,title_norm
The Sixth Sense,1999,the sixth sense,745.0,tt0167404,1999-08-06,7.7,3223.0,title_norm
La leggenda del pianista sull'oceano,1998,la leggenda del pianista sulloceano,10376,tt0120731,1998-10-28,8.1,554.0,original_title_norm
The Truman Show,1998,the truman show,37165.0,tt0120382,1998-06-04,7.8,4702.0,title_norm
"Crna macka, beli macor",1998,crna macka beli macor,,,,,,
The Big Lebowski,1998,the big lebowski,115.0,tt0118715,1998-03-06,7.8,3001.0,title_norm
Fa yeung nin wah,2000,fa yeung nin wah,,,,,,
Trainspotting,1996,trainspotting,627.0,tt0117951,1996-02-23,7.8,2737.0,title_norm
Fargo,1996,fargo,275.0,tt0116282,1996-04-05,7.7,2080.0,title_norm
Underground,1995,underground,11902.0,tt0114787,1995-04-11,7.5,143.0,title_norm
La haine,1995,la haine,406.0,tt0113247,1995-05-31,7.9,695.0,title_norm
Dilwale Dulhania Le Jayenge,1995,dilwale dulhania le jayenge,19404.0,tt0112870,1995-10-20,9.1,661.0,title_norm
Before Sunrise,1995,before sunrise,76.0,tt0112471,1995-01-27,7.7,984.0,title_norm
Trois couleurs: Rouge,1994,trois couleurs rouge,,,,,,
Chung Hing sam lam,1994,chung hing sam lam,,,,,,
Jurassic Park,1993,jurassic park,329.0,tt0107290,1993-06-11,7.6,4956.0,title_norm
In the Name of the Father,1993,in the name of the father,7984.0,tt0107207,1993-12-12,7.6,363.0,title_norm
Ba wang bie ji,1993,ba wang bie ji,,,,,,
Dà hóng denglong gaogao guà,1991,dà hóng denglong gaogao guà,,,,,,
Dead Poets Society,1989,dead poets society,207.0,tt0097165,1989-06-02,8.1,2786.0,title_norm
Stand by Me,1986,stand by me,235.0,tt0092005,1986-08-22,7.8,1568.0,title_norm
Platoon,1986,platoon,792.0,tt0091763,1986-12-18,7.5,1236.0,title_norm
"Paris, Texas",1984,paris texas,655.0,tt0087884,1984-05-19,7.7,282.0,title_norm
Kaze no tani no Naushika,1984,kaze no tani no naushika,,,,,,
The Thing,1982,the thing,1091.0,tt0084787,1982-06-25,7.8,1629.0,title_norm
Pink Floyd: The Wall,1982,pink floyd the wall,12104.0,tt0084503,1982-07-14,7.7,363.0,title_norm
Fitzcarraldo,1982,fitzcarraldo,9343.0,tt0083946,1982-03-04,7.7,151.0,title_norm
Fanny och Alexander,1982,fanny och alexander,5961,tt0083922,1982-12-17,7.3,138.0,original_title_norm
Blade Runner,1982,blade runner,78.0,tt0083658,1982-06-25,7.9,3833.0,title_norm
The Elephant Man,1980,the elephant man,1955.0,tt0080678,1980-10-02,7.9,740.0,title_norm
Life of Brian,1979,life of brian,583.0,tt0079470,1979-08-17,7.7,1230.0,title_norm
The Deer Hunter,1978,the deer hunter,11778.0,tt0077416,1978-12-08,7.8,943.0,title_norm
Rocky,1976,rocky,1366.0,tt0075148,1976-11-21,7.5,1843.0,title_norm
Network,1976,network,10774.0,tt0074958,1976-11-01,7.8,391.0,title_norm
Barry Lyndon,1975,barry lyndon,3175.0,tt0072684,1975-12-18,7.7,521.0,title_norm
Zerkalo,1975,zerkalo,,,,,,
Chinatown,1974,chinatown,829.0,tt0071315,1974-06-20,7.9,939.0,title_norm
Paper Moon,1973,paper moon,11293.0,tt0070510,1973-05-09,7.8,154.0,title_norm
Viskningar och rop,1972,viskningar och rop,10238,tt0069467,1972-12-21,7.8,118.0,original_title_norm
Solaris,1972,solaris,593.0,tt0069293,1972-03-20,7.7,364.0,title_norm
Le samouraï,1967,le samouraï,5511.0,tt0062229,1967-10-25,7.9,187.0,title_norm
Cool Hand Luke,1967,cool hand luke,903.0,tt0061512,1967-06-22,7.7,390.0,title_norm
Persona,1966,persona,797.0,tt0060827,1966-10-18,8.0,353.0,title_norm
Andrei Rublev,1966,andrei rublev,895.0,tt0060107,1966-12-16,8.0,139.0,title_norm
La battaglia di Algeri,1966,la battaglia di algeri,17295,tt0058946,1966-09-08,7.8,167.0,original_title_norm
El ángel exterminador,1962,el ángel exterminador,29264,tt0056732,1962-05-01,7.8,118.0,original_title_norm
What Ever Happened to Baby Jane?,1962,what ever happened to baby jane,10242.0,tt0056687,1962-10-31,7.9,210.0,title_norm
Sanjuro,1962,sanjuro,11712.0,tt0056443,1962-01-01,7.8,122.0,title_norm
The Man Who Shot Liberty Valance,1962,the man who shot liberty valance,11697.0,tt0056217,1962-04-22,7.4,272.0,title_norm
Ivanovo detstvo,1962,ivanovo detstvo,,,,,,
Jungfrukällan,1960,jungfrukällan,11656,tt0053976,1960-02-08,7.8,129.0,original_title_norm
Inherit the Wind,1960,inherit the wind,1908.0,tt0053946,1960-06-24,7.6,93.0,title_norm
Les quatre cents coups,1959,les quatre cents coups,147,tt0053198,1959-05-04,8.0,363.0,original_title_norm
Ben-Hur,1959,benhur,665.0,tt0052618,1959-12-26,7.5,660.0,title_norm
Kakushi-toride no san-akunin,1958,kakushitoride no sanakunin,,,,,,
Le notti di Cabiria,1957,le notti di cabiria,19426,tt0050783,1957-10-03,7.9,122.0,original_title_norm
Kumonosu-jô,1957,kumonosujô,,,,,,
The Bridge on the River Kwai,1957,the bridge on the river kwai,826.0,tt0050212,1957-10-02,7.7,554.0,title_norm
On the Waterfront,1954,on the waterfront,654.0,tt0047296,1954-06-22,8.0,368.0,title_norm
Le salaire de la peur,1953,le salaire de la peur,204,tt0046268,1953-04-22,7.9,176.0,original_title_norm
Ace in the Hole,1951,ace in the hole,25364.0,tt0043338,1951-06-29,7.9,128.0,title_norm
White Heat,1949,white heat,15794.0,tt0042041,1949-09-02,7.8,92.0,title_norm
The Third Man,1949,the third man,1092.0,tt0041959,1949-08-31,7.9,431.0,title_norm
The Red Shoes,1948,the red shoes,19542.0,tt0040725,1948-07-20,8.2,124.0,title_norm
The Shop Around the Corner,1940,the shop around the corner,20334.0,tt0033045,1940-01-11,7.9,107.0,title_norm
Rebecca,1940,rebecca,223.0,tt0032976,1940-04-12,7.7,346.0,title_norm
Mr. Smith Goes to Washington,1939,mr smith goes to washington,3083.0,tt0031679,1939-10-19,7.9,245.0,title_norm
Gone with the Wind,1939,gone with the wind,770.0,tt0031381,1939-12-15,7.7,995.0,title_norm
La Grande Illusion,1937,la grande illusion,777,tt0028950,1937-06-04,7.5,126.0,original_title_norm
It Happened One Night,1934,it happened one night,3078.0,tt0025316,1934-02-22,7.7,283.0,title_norm
La passion de Jeanne d'Arc,1928,la passion de jeanne darc,780,tt0019254,1928-04-21,8.2,159.0,original_title_norm
The Circus,1928,the circus,28978.0,tt0018773,1928-01-06,8.0,119.0,title_norm
Sunrise: A Song of Two Humans,1927,sunrise a song of two humans,631.0,tt0018455,1927-09-23,7.9,155.0,title_norm
The General,1926,the general,961.0,tt0017925,1926-12-31,8.0,240.0,title_norm
Das Cabinet des Dr. Caligari,1920,das cabinet des dr caligari,234,tt0010323,1920-02-25,7.7,279.0,original_title_norm
Badhaai ho,2018,badhaai ho,,,,,,
Togo,2019,togo,,,,,,
Airlift,2016,airlift,375290.0,tt4387040,2016-01-22,7.3,58.0,title_norm
Bajrangi Bhaijaan,2015,bajrangi bhaijaan,348892.0,tt3863552,2015-07-17,7.7,165.0,title_norm
Baby,2015,baby,314389.0,tt3848892,2015-01-23,6.4,49.0,title_norm
La La Land,2016,la la land,313369.0,tt3783958,2016-11-29,7.9,4745.0,title_norm
Lion,2016,lion,334543.0,tt3741834,2016-11-24,8.0,1699.0,title_norm
The Martian,2015,the martian,286217.0,tt3659388,2015-09-30,7.6,7442.0,title_norm
Zootopia,2016,zootopia,269149.0,tt2948356,2016-02-11,7.7,4961.0,title_norm
Bãhubali: The Beginning,2015,bãhubali the beginning,,,,,,
Kaguyahime no monogatari,2013,kaguyahime no monogatari,,,,,,
Wonder,2017,wonder,,,,,,
Gully Boy,2019,gully boy,,,,,,
Special Chabbis,2013,special chabbis,,,,,,
Short Term 12,2013,short term 12,169813.0,tt2370248,2013-08-23,7.9,460.0,title_norm
Serbuan maut 2: Berandal,2014,serbuan maut 2 berandal,,,,,,
The Imitation Game,2014,the imitation game,205596.0,tt2084970,2014-11-14,8.0,5895.0,title_norm
Guardians of the Galaxy,2014,guardians of the galaxy,118340.0,tt2015381,2014-07-30,7.9,10014.0,title_norm
Blade Runner 2049,2017,blade runner 2049,,,,,,
Her,2013,her,152601.0,tt1798709,2013-12-18,7.9,4215.0,title_norm
Bohemian Rhapsody,2018,bohemian rhapsody,,,,,,
The Revenant,2015,the revenant,281957.0,tt1663202,2015-12-25,7.3,6558.0,title_norm
The Perks of Being a Wallflower,2012,the perks of being a wallflower,84892.0,tt1659337,2012-09-20,7.7,3056.0,title_norm
Tropa de Elite 2: O Inimigo Agora é Outro,2010,tropa de elite 2 o inimigo agora é outro,,,,,,
The King's Speech,2010,the kings speech,45269.0,tt1504320,2010-09-06,7.6,2817.0,title_norm
The Help,2011,the help,50014.0,tt1454029,2011-08-09,7.9,1966.0,title_norm
Deadpool,2016,deadpool,293660.0,tt1431045,2016-02-09,7.4,11444.0,title_norm
Darbareye Elly,2009,darbareye elly,,,,,,
Dev.D,2009,devd,15977.0,tt1327035,2009-02-06,7.3,24.0,title_norm
Yip Man,2008,yip man,,,,,,
My Name Is Khan,2010,my name is khan,26022.0,tt1188996,2010-02-12,7.7,237.0,title_norm
Nefes: Vatan Sagolsun,2009,nefes vatan sagolsun,,,,,,
Slumdog Millionaire,2008,slumdog millionaire,12405.0,tt1010048,2008-05-12,7.6,2918.0,title_norm
Black Swan,2010,black swan,44214.0,tt0947798,2010-12-02,7.3,4562.0,title_norm
Tropa de Elite,2007,tropa de elite,7347,tt0861739,2007-10-12,7.8,519.0,original_title_norm
The Avengers,2012,the avengers,24428.0,tt0848228,2012-04-25,7.4,12000.0,title_norm
Persepolis,2007,persepolis,2011.0,tt0808417,2007-05-23,7.7,461.0,title_norm
Dallas Buyers Club,2013,dallas buyers club,152532.0,tt0790636,2013-09-07,7.9,2973.0,title_norm
The Pursuit of Happyness,2006,the pursuit of happyness,1402.0,tt0454921,2006-12-14,7.7,2607.0,title_norm
Blood Diamond,2006,blood diamond,1372.0,tt0450259,2006-12-07,7.4,2344.0,title_norm
The Bourne Ultimatum,2007,the bourne ultimatum,2503.0,tt0440963,2007-08-03,7.3,2938.0,title_norm
Bin-jip,2004,binjip,,,,,,
Sin City,2005,sin city,187.0,tt0401792,2005-04-01,7.2,2755.0,title_norm
Le scaphandre et le papillon,2007,le scaphandre et le papillon,2013,tt0401383,2007-05-22,7.5,290.0,original_title_norm
G.O.R.A.,2004,gora,27275.0,tt0384116,2004-11-12,7.4,43.0,title_norm
Ratatouille,2007,ratatouille,2062.0,tt0382932,2007-06-22,7.5,4510.0,title_norm
Casino Royale,2006,casino royale,36557.0,tt0381061,2006-11-14,7.3,3930.0,title_norm
Kill Bill: Vol. 2,2004,kill bill vol 2,393.0,tt0378194,2004-04-16,7.7,4061.0,title_norm
Vozvrashchenie,2003,vozvrashchenie,,,,,,
Bom Yeoareum Gaeul Gyeoul Geurigo Bom,2003,bom yeoareum gaeul gyeoul geurigo bom,,,,,,
Mar adentro,2014,mar adentro,,,,,,
Cinderella Man,2005,cinderella man,921.0,tt0352248,2005-06-02,7.3,630.0,title_norm
Kal Ho Naa Ho,2003,kal ho naa ho,4254.0,tt0347304,2003-11-27,7.3,110.0,title_norm
Mou gaan dou,2002,mou gaan dou,,,,,,
Pirates of the Caribbean: The Curse of the Black Pearl,2003,pirates of the caribbean the curse of the black pearl,22.0,tt0325980,2003-07-09,7.5,7191.0,title_norm
Big Fish,2003,big fish,587.0,tt0319061,2003-12-25,7.6,2064.0,title_norm
The Incredibles,2004,the incredibles,9806.0,tt0317705,2004-11-05,7.4,5290.0,title_norm
Yeopgijeogin geunyeo,2001,yeopgijeogin geunyeo,,,,,,
Dogville,2003,dogville,553.0,tt0276919,2003-05-19,7.6,619.0,title_norm
Vizontele,2001,vizontele,57892.0,tt0270053,2001-02-02,7.5,17.0,title_norm
Donnie Darko,2001,donnie darko,141.0,tt0246578,2001-01-18,7.7,3574.0,title_norm
Magnolia,1999,magnolia,334.0,tt0175880,1999-12-08,7.5,844.0,title_norm
Dancer in the Dark,2000,dancer in the dark,16.0,tt0168629,2000-05-17,7.7,392.0,title_norm
The Straight Story,1999,the straight story,404.0,tt0166896,1999-10-15,7.7,315.0,title_norm
Pâfekuto burû,1997,pâfekuto burû,,,,,,
Festen,1998,festen,309,tt0154420,1998-05-20,7.7,213.0,original_title_norm
Central do Brasil,1998,central do brasil,666,tt0140888,1998-01-16,7.6,132.0,original_title_norm
The Iron Giant,1999,the iron giant,10386.0,tt0129167,1999-08-06,7.6,1470.0,title_norm
Knockin' on Heaven's Door,1997,knockin on heavens door,158.0,tt0119472,1997-02-20,7.6,135.0,title_norm
Sling Blade,1996,sling blade,12498.0,tt0117666,1996-08-30,7.4,236.0,title_norm
Secrets & Lies,1996,secrets  lies,11159.0,tt0117589,1996-05-24,7.1,127.0,title_norm
Twelve Monkeys,1995,twelve monkeys,63.0,tt0114746,1995-12-29,7.4,2470.0,title_norm
Kôkaku Kidôtai,1995,kôkaku kidôtai,,,,,,
The Nightmare Before Christmas,1993,the nightmare before christmas,9479.0,tt0107688,1993-10-09,7.6,2135.0,title_norm
Groundhog Day,1993,groundhog day,137.0,tt0107048,1993-02-11,7.4,2358.0,title_norm
Bound by Honor,1993,bound by honor,9702.0,tt0106469,1993-02-05,7.7,116.0,title_norm
Scent of a Woman,1992,scent of a woman,9475.0,tt0105323,1992-12-23,7.3,763.0,title_norm
Aladdin,1992,aladdin,812.0,tt0103639,1992-11-25,7.4,3495.0,title_norm
JFK,1991,jfk,820.0,tt0102138,1991-12-20,7.5,513.0,title_norm
Beauty and the Beast,1991,beauty and the beast,10020.0,tt0101414,1991-11-13,7.5,3029.0,title_norm
Dances with Wolves,1990,dances with wolves,581.0,tt0099348,1990-11-09,7.6,1084.0,title_norm
Do the Right Thing,1989,do the right thing,925.0,tt0097216,1989-06-30,7.6,301.0,title_norm
Rain Man,1988,rain man,380.0,tt0095953,1988-12-11,7.6,1762.0,title_norm
Akira,1988,akira,149.0,tt0094625,1988-07-16,7.8,792.0,title_norm
The Princess Bride,1987,the princess bride,2493.0,tt0093779,1987-09-18,7.6,1518.0,title_norm
Der Himmel über Berlin,1987,der himmel über berlin,144,tt0093191,1987-01-01,7.5,256.0,original_title_norm
Au revoir les enfants,1987,au revoir les enfants,1786.0,tt0092593,1987-10-06,7.5,137.0,title_norm
Tenkû no shiro Rapyuta,1986,tenkû no shiro rapyuta,,,,,,
The Terminator,1984,the terminator,218.0,tt0088247,1984-10-26,7.4,4208.0,title_norm
Gandhi,1982,gandhi,783.0,tt0083987,1982-11-30,7.4,730.0,title_norm
Kagemusha,1980,kagemusha,11953.0,tt0080979,1980-04-26,7.7,135.0,title_norm
Being There,1979,being there,10322.0,tt0078841,1979-12-19,7.7,243.0,title_norm
Annie Hall,1977,annie hall,703.0,tt0075686,1977-04-19,7.8,1044.0,title_norm
Jaws,1975,jaws,578.0,tt0073195,1975-06-18,7.5,2628.0,title_norm
Dog Day Afternoon,1975,dog day afternoon,968.0,tt0072890,1975-08-11,7.6,685.0,title_norm
Young Frankenstein,1974,young frankenstein,3034.0,tt0072431,1974-12-15,7.7,880.0,title_norm
Papillon,1973,papillon,5924.0,tt0070511,1973-12-13,7.8,445.0,title_norm
The Exorcist,1973,the exorcist,9552.0,tt0070047,1973-12-26,7.5,2046.0,title_norm
Sleuth,1972,sleuth,993.0,tt0069281,1972-12-10,7.5,152.0,title_norm
The Last Picture Show,1971,the last picture show,25188.0,tt0067328,1971-10-03,7.6,133.0,title_norm
Fiddler on the Roof,1971,fiddler on the roof,14811.0,tt0067093,1971-11-03,7.4,136.0,title_norm
Il conformista,1970,il conformista,8416,tt0065571,1970-10-21,7.6,129.0,original_title_norm
Butch Cassidy and the Sundance Kid,1969,butch cassidy and the sundance kid,642.0,tt0064115,1969-09-23,7.4,659.0,title_norm
Rosemary's Baby,1968,rosemarys baby,805.0,tt0063522,1968-06-12,7.5,892.0,title_norm
Planet of the Apes,1968,planet of the apes,871.0,tt0063442,1968-02-07,7.5,958.0,title_norm
The Graduate,1967,the graduate,37247.0,tt0061722,1967-12-21,7.6,855.0,title_norm
Who's Afraid of Virginia Woolf?,1966,whos afraid of virginia woolf,396.0,tt0061184,1966-06-21,7.8,199.0,title_norm
The Sound of Music,1965,the sound of music,15121.0,tt0059742,1965-03-02,7.4,966.0,title_norm
Doctor Zhivago,1965,doctor zhivago,907.0,tt0059113,1965-12-22,7.4,252.0,title_norm
Per un pugno di dollari,1964,per un pugno di dollari,391,tt0058461,1964-09-12,7.6,909.0,original_title_norm
8½,1963,8½,422.0,tt0056801,1963-02-14,7.9,427.0,title_norm
Vivre sa vie: Film en douze tableaux,1962,vivre sa vie film en douze tableaux,1626,tt0056663,1962-09-20,7.6,105.0,original_title_norm
The Hustler,1961,the hustler,990.0,tt0054997,1961-09-25,7.6,243.0,title_norm
La dolce vita,1960,la dolce vita,439.0,tt0053779,1960-02-05,7.9,305.0,title_norm
Rio Bravo,1959,rio bravo,301.0,tt0053221,1959-03-17,7.6,265.0,title_norm
Anatomy of a Murder,1959,anatomy of a murder,93.0,tt0052561,1959-07-01,7.7,207.0,title_norm
Touch of Evil,1958,touch of evil,1480.0,tt0052311,1958-04-23,7.6,292.0,title_norm
Cat on a Hot Tin Roof,1958,cat on a hot tin roof,261.0,tt0051459,1958-02-17,7.6,168.0,title_norm
Sweet Smell of Success,1957,sweet smell of success,976.0,tt0051036,1957-06-27,7.5,108.0,title_norm
The Killing,1956,the killing,247.0,tt0049406,1956-05-08,7.7,290.0,title_norm
The Night of the Hunter,1955,the night of the hunter,3112.0,tt0048424,1955-04-03,7.9,335.0,title_norm
La Strada,1954,la strada,405.0,tt0047528,1954-07-16,7.5,196.0,title_norm
Les diaboliques,1955,les diaboliques,827,tt0046911,1955-01-29,7.9,198.0,original_title_norm
Stalag 17,1953,stalag 17,632.0,tt0046359,1953-05-29,7.6,143.0,title_norm
Roman Holiday,1953,roman holiday,804.0,tt0046250,1953-09-02,7.8,502.0,title_norm
A Streetcar Named Desire,1951,a streetcar named desire,702.0,tt0044081,1951-09-18,7.6,291.0,title_norm
In a Lonely Place,1950,in a lonely place,17057.0,tt0042593,1950-05-17,7.5,103.0,title_norm
Kind Hearts and Coronets,1949,kind hearts and coronets,11898.0,tt0041546,1949-01-01,7.6,109.0,title_norm
Rope,1948,rope,1580.0,tt0040746,1948-08-23,7.8,539.0,title_norm
Out of the Past,1947,out of the past,678.0,tt0039689,1947-11-13,7.6,111.0,title_norm
Brief Encounter,1945,brief encounter,851.0,tt0037558,1945-11-24,7.6,123.0,title_norm
Laura,1944,laura,1939.0,tt0037008,1944-10-11,7.6,173.0,title_norm
The Best Years of Our Lives,1946,the best years of our lives,887.0,tt0036868,1946-12-25,7.6,148.0,title_norm
Arsenic and Old Lace,1942,arsenic and old lace,,,,,,
The Maltese Falcon,1941,the maltese falcon,963.0,tt0033870,1941-11-18,7.8,435.0,title_norm
The Grapes of Wrath,1940,the grapes of wrath,596.0,tt0032551,1940-03-15,7.8,211.0,title_norm
The Wizard of Oz,1939,the wizard of oz,630.0,tt0032138,1939-08-15,7.4,1689.0,title_norm
La règle du jeu,1939,la règle du jeu,776,tt0031885,1939-06-08,7.7,109.0,original_title_norm
The Thin Man,1934,the thin man,3529.0,tt0025878,1934-05-25,7.4,97.0,title_norm
All Quiet on the Western Front,1930,all quiet on the western front,143.0,tt0020629,1930-04-29,7.5,166.0,title_norm
Bronenosets Potemkin,1925,bronenosets potemkin,,,,,,
Knives Out,2019,knives out,,,,,,
Dil Bechara,2020,dil bechara,,,,,,
Manbiki kazoku,2018,manbiki kazoku,,,,,,
Marriage Story,2019,marriage story,,,,,,
Call Me by Your Name,2017,call me by your name,398818.0,tt5726616,2017-10-27,0.0,18.0,title_norm
"I, Daniel Blake",2016,i daniel blake,374473.0,tt5168192,2016-10-21,7.7,264.0,title_norm
Isle of Dogs,2018,isle of dogs,,,,,,
Hunt for the Wilderpeople,2016,hunt for the wilderpeople,371645.0,tt4698684,2016-03-31,7.8,453.0,title_norm
Captain Fantastic,2016,captain fantastic,334533.0,tt3553976,2016-07-02,7.9,1569.0,title_norm
Sing Street,2016,sing street,369557.0,tt3544112,2016-03-11,8.0,669.0,title_norm
Thor: Ragnarok,2017,thor ragnarok,284053.0,tt3501632,2017-10-25,0.0,0.0,title_norm
Nightcrawler,2014,nightcrawler,242582.0,tt2872718,2014-10-23,7.6,3475.0,title_norm
Jojo Rabbit,2019,jojo rabbit,,,,,,
Arrival,2016,arrival,329865.0,tt2543164,2016-11-10,7.2,5729.0,title_norm
Star Wars: Episode VII - The Force Awakens,2015,star wars episode vii  the force awakens,,,,,,
Before Midnight,2013,before midnight,132344.0,tt2209418,2013-04-05,7.3,583.0,title_norm
X-Men: Days of Future Past,2014,xmen days of future past,127585.0,tt1877832,2014-05-15,7.5,6155.0,title_norm
Bir Zamanlar Anadolu'da,2011,bir zamanlar anadoluda,74879,tt1827487,2011-09-23,7.4,97.0,original_title_norm
The Artist,2011,the artist,74643.0,tt1655442,2011-05-15,7.3,1075.0,title_norm
Edge of Tomorrow,2014,edge of tomorrow,137113.0,tt1631867,2014-05-27,7.6,4979.0,title_norm
Amour,2012,amour,86837.0,tt1602620,2012-07-01,7.5,413.0,title_norm
The Irishman,2019,the irishman,,,,,,
Un prophète,2009,un prophète,21575,tt1235166,2009-08-26,7.5,398.0,original_title_norm
Moon,2009,moon,17431.0,tt1182345,2009-06-12,7.6,1831.0,title_norm
Låt den rätte komma in,2008,låt den rätte komma in,13310,tt1139797,2008-01-26,7.5,997.0,original_title_norm
District 9,2009,district 9,17654.0,tt1136608,2009-08-05,7.3,3451.0,title_norm
The Wrestler,2008,the wrestler,12163.0,tt1125849,2008-09-07,7.3,1031.0,title_norm
Jab We Met,2007,jab we met,11807.0,tt1093370,2007-10-26,7.2,55.0,title_norm
Boyhood,2014,boyhood,85350.0,tt1065073,2014-06-05,7.5,2008.0,title_norm
"4 luni, 3 saptamâni si 2 zile",2007,4 luni 3 saptamâni si 2 zile,,,,,,
Star Trek,2009,star trek,13475.0,tt0796366,2009-05-06,7.4,4574.0,title_norm
In Bruges,2008,in bruges,8321.0,tt0780536,2008-02-08,7.4,1414.0,title_norm
The Man from Earth,2007,the man from earth,13363.0,tt0756683,2007-06-10,7.7,696.0,title_norm
Letters from Iwo Jima,2006,letters from iwo jima,1251.0,tt0498380,2006-12-19,7.2,553.0,title_norm
The Fall,2006,the fall,,,,,,
Life of Pi,2012,life of pi,87827.0,tt0454876,2012-11-20,7.2,5912.0,title_norm
Fantastic Mr. Fox,2009,fantastic mr fox,10315.0,tt0432283,2009-10-23,7.5,1206.0,title_norm
C.R.A.Z.Y.,2005,crazy,11421.0,tt0401085,2005-05-27,7.4,142.0,title_norm
Les choristes,2004,les choristes,5528,tt0372824,2004-03-17,7.5,553.0,original_title_norm
Iron Man,2008,iron man,1726.0,tt0371746,2008-04-30,7.4,8951.0,title_norm
Shaun of the Dead,2004,shaun of the dead,747.0,tt0365748,2004-04-09,7.5,2479.0,title_norm
Gegen die Wand,2004,gegen die wand,363,tt0347048,2004-03-11,7.3,111.0,original_title_norm
Mystic River,2003,mystic river,322.0,tt0327056,2003-10-07,7.6,1473.0,title_norm
Harry Potter and the Prisoner of Azkaban,2004,harry potter and the prisoner of azkaban,673.0,tt0304141,2004-05-31,7.7,6037.0,title_norm
Ying xiong,2002,ying xiong,,,,,,
Hable con ella,2002,hable con ella,64,tt0287467,2002-03-14,7.5,273.0,original_title_norm
No Man's Land,2001,no mans land,8342.0,tt0283509,2001-09-08,7.4,104.0,title_norm
Cowboy Bebop: Tengoku no tobira,2001,cowboy bebop tengoku no tobira,,,,,,
The Bourne Identity,2002,the bourne identity,2501.0,tt0258463,2002-06-14,7.3,3640.0,title_norm
Nueve reinas,2000,nueve reinas,18079,tt0247586,2000-08-31,7.4,156.0,original_title_norm
Children of Men,2006,children of men,9693.0,tt0206634,2006-09-22,7.4,2120.0,title_norm
Almost Famous,2000,almost famous,786.0,tt0181875,2000-09-15,7.4,807.0,title_norm
Mulholland Dr.,2001,mulholland dr,,,,,,
Toy Story 2,1999,toy story 2,863.0,tt0120363,1999-10-30,7.3,3914.0,title_norm
Boogie Nights,1997,boogie nights,4995.0,tt0118749,1997-09-11,7.5,812.0,title_norm
Mimi wo sumaseba,1995,mimi wo sumaseba,,,,,,
Once Were Warriors,1994,once were warriors,527.0,tt0110729,1994-09-02,7.6,106.0,title_norm
True Romance,1993,true romance,319.0,tt0108399,1993-09-09,7.5,762.0,title_norm
Trois couleurs: Bleu,1993,trois couleurs bleu,,,,,,
Jûbê ninpûchô,1993,jûbê ninpûchô,,,,,,
Carlito's Way,1993,carlitos way,6075.0,tt0106519,1993-11-10,7.7,805.0,title_norm
Edward Scissorhands,1990,edward scissorhands,162.0,tt0099487,1990-12-05,7.5,3731.0,title_norm
My Left Foot: The Story of Christy Brown,1989,my left foot the story of christy brown,10161.0,tt0097937,1989-07-21,7.5,208.0,title_norm
Crimes and Misdemeanors,1989,crimes and misdemeanors,11562.0,tt0097123,1989-10-13,7.4,201.0,title_norm
The Untouchables,1987,the untouchables,117.0,tt0094226,1987-06-02,7.6,1424.0,title_norm
Hannah and Her Sisters,1986,hannah and her sisters,5143.0,tt0091167,1986-02-07,7.6,224.0,title_norm
Brazil,1985,brazil,68.0,tt0088846,1985-02-20,7.6,877.0,title_norm
This Is Spinal Tap,1984,this is spinal tap,11031.0,tt0088258,1984-05-04,7.6,413.0,title_norm
A Christmas Story,1983,a christmas story,850.0,tt0085334,1983-11-18,7.4,352.0,title_norm
The Blues Brothers,1980,the blues brothers,525.0,tt0080455,1980-06-17,7.5,1092.0,title_norm
Manhattan,1979,manhattan,696.0,tt0079522,1979-04-25,7.8,600.0,title_norm
All That Jazz,1979,all that jazz,16858.0,tt0078754,1979-12-20,7.3,88.0,title_norm
Dawn of the Dead,1978,dawn of the dead,923.0,tt0077402,1978-09-02,7.4,597.0,title_norm
All the President's Men,1976,all the presidents men,891.0,tt0074119,1976-04-04,7.6,424.0,title_norm
La montaña sagrada,1973,la montaña sagrada,,,,,,
Amarcord,1973,amarcord,7857.0,tt0071129,1973-12-13,7.8,171.0,title_norm
Le charme discret de la bourgeoisie,1972,le charme discret de la bourgeoisie,4593,tt0068361,1972-09-15,7.4,140.0,original_title_norm
"Aguirre, der Zorn Gottes",1972,aguirre der zorn gottes,2000,tt0068182,1972-12-29,7.5,210.0,original_title_norm
Harold and Maude,1971,harold and maude,343.0,tt0067185,1971-12-20,7.7,266.0,title_norm
Patton,1970,patton,11202.0,tt0066206,1970-01-25,7.3,327.0,title_norm
The Wild Bunch,1969,the wild bunch,576.0,tt0065214,1969-06-17,7.7,266.0,title_norm
Night of the Living Dead,1968,night of the living dead,10331.0,tt0063350,1968-10-01,7.5,591.0,title_norm
The Lion in Winter,1968,the lion in winter,18988.0,tt0063227,1968-01-01,7.6,89.0,title_norm
In the Heat of the Night,1967,in the heat of the night,10633.0,tt0061811,1967-08-02,7.5,207.0,title_norm
Charade,1963,charade,4808.0,tt0056923,1963-12-05,7.7,351.0,title_norm
The Manchurian Candidate,1962,the manchurian candidate,982.0,tt0056218,1962-10-24,7.7,188.0,title_norm
Spartacus,1960,spartacus,967.0,tt0054331,1960-10-06,7.3,472.0,title_norm
L'avventura,1960,lavventura,5165.0,tt0053619,1960-05-15,7.6,117.0,title_norm
Hiroshima mon amour,1959,hiroshima mon amour,5544.0,tt0052893,1959-06-10,8.0,123.0,title_norm
The Ten Commandments,1956,the ten commandments,6844.0,tt0049833,1956-10-05,7.5,358.0,title_norm
The Searchers,1956,the searchers,3114.0,tt0049730,1956-03-13,7.7,332.0,title_norm
East of Eden,1955,east of eden,220.0,tt0048028,1955-03-09,7.5,163.0,title_norm
High Noon,1952,high noon,288.0,tt0044706,1952-03-27,7.6,343.0,title_norm
Strangers on a Train,1951,strangers on a train,845.0,tt0044079,1951-06-18,7.6,379.0,title_norm
Harvey,1950,harvey,11787.0,tt0042546,1950-10-13,7.7,159.0,title_norm
Miracle on 34th Street,1947,miracle on 34th street,11881.0,tt0039628,1947-05-02,7.4,139.0,title_norm
Notorious,1946,notorious,303.0,tt0038787,1946-08-15,7.8,345.0,title_norm
The Big Sleep,1946,the big sleep,910.0,tt0038355,1946-08-23,7.6,244.0,title_norm
The Lost Weekend,1945,the lost weekend,28580.0,tt0037884,1945-11-25,7.4,115.0,title_norm
The Philadelphia Story,1940,the philadelphia story,981.0,tt0032904,1940-12-05,7.7,196.0,title_norm
His Girl Friday,1940,his girl friday,3085.0,tt0032599,1940-01-18,7.5,171.0,title_norm
The Adventures of Robin Hood,1938,the adventures of robin hood,10907.0,tt0029843,1938-05-13,7.6,170.0,title_norm
A Night at the Opera,1935,a night at the opera,37719.0,tt0026778,1935-11-08,7.6,109.0,title_norm
King Kong,1933,king kong,244.0,tt0024216,1933-04-07,7.7,346.0,title_norm
Freaks,1932,freaks,136.0,tt0022913,1932-02-20,7.7,228.0,title_norm
Nosferatu,1922,nosferatu,653.0,tt0013442,1922-03-15,7.7,373.0,title_norm
The Gentlemen,2019,the gentlemen,,,,,,
Raazi,2018,raazi,,,,,,
Sound of Metal,2019,sound of metal,,,,,,
Forushande,2016,forushande,,,,,,
Dunkirk,2017,dunkirk,374720.0,tt5013056,2017-07-19,7.5,2712.0,title_norm
Perfetti sconosciuti,2016,perfetti sconosciuti,381341,tt4901306,2016-02-11,7.8,803.0,original_title_norm
Hidden Figures,2016,hidden figures,381284.0,tt4846340,2016-12-10,7.8,2178.0,title_norm
Paddington 2,2017,paddington 2,,,,,,
Udta Punjab,2016,udta punjab,398535.0,tt4434004,2016-06-17,7.4,32.0,title_norm
Kubo and the Two Strings,2016,kubo and the two strings,313297.0,tt4302938,2016-08-18,7.7,982.0,title_norm
M.S. Dhoni: The Untold Story,2016,ms dhoni the untold story,,,,,,
Manchester by the Sea,2016,manchester by the sea,334541.0,tt4034228,2016-11-18,7.5,1553.0,title_norm
Under sandet,2015,under sandet,335578,tt3841424,2015-12-03,7.8,283.0,original_title_norm
Rogue One,2016,rogue one,,,,,,
Captain America: Civil War,2016,captain america civil war,271110.0,tt3498820,2016-04-27,7.1,7462.0,title_norm
The Hateful Eight,2015,the hateful eight,273248.0,tt3460252,2015-12-25,7.6,4405.0,title_norm
Little Women,2019,little women,,,,,,
Loving Vincent,2017,loving vincent,,,,,,
Pride,2014,pride,234200.0,tt3169706,2014-09-12,7.7,457.0,title_norm
Le passé,2013,le passé,152780,tt2404461,2013-05-17,7.1,161.0,original_title_norm
La grande bellezza,2013,la grande bellezza,179144,tt2358891,2013-05-21,7.3,745.0,original_title_norm
The Lunchbox,2013,the lunchbox,191714.0,tt2350496,2013-09-19,7.3,226.0,title_norm
Vicky Donor,2012,vicky donor,103243.0,tt2317337,2012-04-20,6.9,37.0,title_norm
Big Hero 6,2014,big hero 6,177572.0,tt2245084,2014-10-24,7.8,6289.0,title_norm
About Time,2013,about time,122906.0,tt2194499,2013-08-16,7.8,2140.0,title_norm
English Vinglish,2012,english vinglish,118628.0,tt2181931,2012-09-14,7.3,68.0,title_norm
Kaze tachinu,2013,kaze tachinu,,,,,,
Toy Story 4,2019,toy story 4,,,,,,
La migliore offerta,2013,la migliore offerta,152742,tt1924396,2013-01-01,7.7,719.0,original_title_norm
Moonrise Kingdom,2012,moonrise kingdom,83666.0,tt1748122,2012-05-16,7.6,1701.0,title_norm
How to Train Your Dragon 2,2014,how to train your dragon 2,82702.0,tt1646971,2014-06-12,7.6,3163.0,title_norm
The Big Short,2015,the big short,318846.0,tt1596363,2015-12-11,7.3,2679.0,title_norm
Kokuhaku,2010,kokuhaku,,,,,,
Ang-ma-reul bo-at-da,2010,angmareul boatda,,,,,,
The Girl with the Dragon Tattoo,2011,the girl with the dragon tattoo,65754.0,tt1568346,2011-12-14,7.2,2479.0,title_norm
Captain Phillips,2013,captain phillips,109424.0,tt1535109,2013-10-10,7.6,2495.0,title_norm
Ajeossi,2010,ajeossi,,,,,,
Straight Outta Compton,2015,straight outta compton,277216.0,tt1398426,2015-08-13,7.7,1381.0,title_norm
Madeo,2009,madeo,,,,,,
Chugyeokja,2008,chugyeokja,,,,,,
The Hobbit: The Desolation of Smaug,2013,the hobbit the desolation of smaug,57158.0,tt1170358,2013-12-11,7.6,4633.0,title_norm
Das weiße Band - Eine deutsche Kindergeschichte,2009,das weiße band  eine deutsche kindergeschichte,,,,,,
Män som hatar kvinnor,2009,män som hatar kvinnor,15472,tt1132620,2009-02-27,7.4,1020.0,original_title_norm
The Trial of the Chicago 7,2020,the trial of the chicago 7,,,,,,
Druk,2020,druk,,,,,,
The Fighter,2010,the fighter,45317.0,tt0964517,2010-12-17,7.2,1512.0,title_norm
Taken,2008,taken,8681.0,tt0936501,2008-02-18,7.2,4444.0,title_norm
The Boy in the Striped Pyjamas,2008,the boy in the striped pyjamas,14574.0,tt0914798,2008-05-07,7.7,1492.0,title_norm
Once,2007,once,5723.0,tt0907657,2007-03-23,7.4,457.0,title_norm
The Hobbit: An Unexpected Journey,2012,the hobbit an unexpected journey,49051.0,tt0903624,2012-11-26,7.0,8427.0,title_norm
Auf der anderen Seite,2007,auf der anderen seite,2014,tt0880502,2007-09-27,6.6,68.0,original_title_norm
Atonement,2007,atonement,4347.0,tt0783233,2007-08-29,7.4,1075.0,title_norm
Drive,2011,drive,64690.0,tt0780504,2011-08-06,7.4,3832.0,title_norm
American Gangster,2007,american gangster,4982.0,tt0765429,2007-11-02,7.4,1527.0,title_norm
Avatar,2009,avatar,19995.0,tt0499549,2009-12-10,7.2,12114.0,title_norm
Mr. Nobody,2009,mr nobody,31011.0,tt0485947,2009-09-11,7.9,1616.0,title_norm
Apocalypto,2006,apocalypto,1579.0,tt0472043,2006-12-07,7.3,1252.0,title_norm
Little Miss Sunshine,2006,little miss sunshine,773.0,tt0449059,2006-07-26,7.5,1728.0,title_norm
Hot Fuzz,2007,hot fuzz,4638.0,tt0425112,2007-02-14,7.4,2252.0,title_norm
The Curious Case of Benjamin Button,2008,the curious case of benjamin button,4922.0,tt0421715,2008-11-24,7.3,3398.0,title_norm
Veer-Zaara,2004,veerzaara,4251.0,tt0420332,2004-11-12,7.5,67.0,title_norm
Adams æbler,2005,adams æbler,1023,tt0418455,2005-04-15,7.4,190.0,original_title_norm
Pride & Prejudice,2005,pride  prejudice,4348.0,tt0414387,2005-09-16,7.8,1406.0,title_norm
The World's Fastest Indian,2005,the worlds fastest indian,9912.0,tt0412080,2005-10-12,7.3,168.0,title_norm
Tôkyô goddofâzâzu,2003,tôkyô goddofâzâzu,,,,,,
Serenity,2005,serenity,16320.0,tt0379786,2005-08-25,7.4,1287.0,title_norm
Walk the Line,2005,walk the line,69.0,tt0358273,2005-09-13,7.3,732.0,title_norm
Ondskan,2003,ondskan,11197,tt0338309,2003-05-16,6.9,96.0,original_title_norm
The Notebook,2004,the notebook,11036.0,tt0332280,2004-06-25,7.7,3163.0,title_norm
Diarios de motocicleta,2004,diarios de motocicleta,1653,tt0318462,2004-02-06,7.2,295.0,original_title_norm
Lilja 4-ever,2002,lilja 4ever,12093,tt0300140,2002-08-23,7.7,141.0,original_title_norm
Les triplettes de Belleville,2003,les triplettes de belleville,9662,tt0286244,2003-06-11,7.3,233.0,original_title_norm
Gongdong gyeongbi guyeok JSA,2000,gongdong gyeongbi guyeok jsa,,,,,,
The Count of Monte Cristo,2002,the count of monte cristo,11362.0,tt0245844,2002-01-23,7.3,463.0,title_norm
Waking Life,2001,waking life,9081.0,tt0243017,2001-01-23,7.6,250.0,title_norm
Remember the Titans,2000,remember the titans,10637.0,tt0210945,2000-09-29,7.4,835.0,title_norm
Wo hu cang long,2000,wo hu cang long,,,,,,
Todo sobre mi madre,1999,todo sobre mi madre,99,tt0185125,1999-04-19,7.4,337.0,original_title_norm
Cast Away,2000,cast away,8358.0,tt0162222,2000-12-22,7.5,3304.0,title_norm
The Boondock Saints,1999,the boondock saints,8374.0,tt0144117,1999-01-22,7.2,848.0,title_norm
The Insider,1999,the insider,9008.0,tt0140352,1999-10-28,7.3,489.0,title_norm
October Sky,1999,october sky,13466.0,tt0132477,1999-02-19,7.4,259.0,title_norm
Shrek,2001,shrek,808.0,tt0126029,2001-05-16,7.3,4183.0,title_norm
Titanic,1997,titanic,597.0,tt0120338,1997-11-18,7.5,7770.0,title_norm
Hana-bi,1997,hanabi,,,,,,
Gattaca,1997,gattaca,782.0,tt0119177,1997-09-07,7.5,1846.0,title_norm
The Game,1997,the game,2649.0,tt0119174,1997-09-12,7.5,1556.0,title_norm
Breaking the Waves,1996,breaking the waves,145.0,tt0115751,1996-05-13,7.2,213.0,title_norm
Ed Wood,1994,ed wood,522.0,tt0109707,1994-09-27,7.3,639.0,title_norm
What's Eating Gilbert Grape,1993,whats eating gilbert grape,1587.0,tt0108550,1993-12-17,7.5,943.0,title_norm
Tombstone,1993,tombstone,11969.0,tt0108358,1993-12-25,7.4,632.0,title_norm
The Sandlot,1993,the sandlot,11528.0,tt0108037,1993-04-07,7.1,272.0,title_norm
The Remains of the Day,1993,the remains of the day,1245.0,tt0107943,1993-11-05,7.5,213.0,title_norm
Naked,1993,naked,21450.0,tt0107653,1993-09-14,7.5,105.0,title_norm
The Fugitive,1993,the fugitive,5503.0,tt0106977,1993-08-06,7.2,1240.0,title_norm
A Bronx Tale,1993,a bronx tale,1607.0,tt0106489,1993-09-14,7.4,447.0,title_norm
Batman: Mask of the Phantasm,1993,batman mask of the phantasm,14919.0,tt0106364,1993-12-25,7.4,218.0,title_norm
Lat sau san taam,1992,lat sau san taam,,,,,,
Night on Earth,1991,night on earth,339.0,tt0102536,1991-10-03,7.5,165.0,title_norm
La double vie de Véronique,1991,la double vie de véronique,1600,tt0101765,1991-05-15,7.3,154.0,original_title_norm
Boyz n the Hood,1991,boyz n the hood,650.0,tt0101507,1991-07-12,7.4,377.0,title_norm
Misery,1990,misery,1700.0,tt0100157,1990-11-28,7.6,1085.0,title_norm
Awakenings,1990,awakenings,11005.0,tt0099077,1990-12-19,7.6,568.0,title_norm
Majo no takkyûbin,1989,majo no takkyûbin,,,,,,
Glory,1989,glory,9665.0,tt0097441,1989-12-15,7.4,391.0,title_norm
Dip huet seung hung,1989,dip huet seung hung,,,,,,
Back to the Future Part II,1989,back to the future part ii,165.0,tt0096874,1989-11-20,7.4,3926.0,title_norm
Mississippi Burning,1988,mississippi burning,1632.0,tt0095647,1988-12-08,7.4,336.0,title_norm
Predator,1987,predator,106.0,tt0093773,1987-06-11,7.3,2129.0,title_norm
Evil Dead II,1987,evil dead ii,765.0,tt0092991,1987-03-13,7.5,760.0,title_norm
Ferris Bueller's Day Off,1986,ferris buellers day off,9377.0,tt0091042,1986-06-11,7.5,1340.0,title_norm
Down by Law,1986,down by law,1554.0,tt0090967,1986-05-01,7.2,149.0,title_norm
The Goonies,1985,the goonies,9340.0,tt0089218,1985-06-06,7.4,1563.0,title_norm
The Color Purple,1985,the color purple,873.0,tt0088939,1985-12-18,7.7,345.0,title_norm
The Breakfast Club,1985,the breakfast club,2108.0,tt0088847,1985-02-15,7.8,2189.0,title_norm
The Killing Fields,1984,the killing fields,625.0,tt0087553,1984-11-02,7.5,180.0,title_norm
Ghostbusters,1984,ghostbusters,620.0,tt0087332,1984-06-07,7.3,2431.0,title_norm
The Right Stuff,1983,the right stuff,9549.0,tt0086197,1983-10-20,7.4,241.0,title_norm
The King of Comedy,1982,the king of comedy,262.0,tt0085794,1982-12-18,7.6,306.0,title_norm
E.T. the Extra-Terrestrial,1982,et the extraterrestrial,601.0,tt0083866,1982-04-03,7.3,3359.0,title_norm
Kramer vs. Kramer,1979,kramer vs kramer,12102.0,tt0079417,1979-12-18,7.4,483.0,title_norm
Days of Heaven,1978,days of heaven,16642.0,tt0077405,1978-09-13,7.6,236.0,title_norm
The Outlaw Josey Wales,1976,the outlaw josey wales,10747.0,tt0075029,1976-06-30,7.4,303.0,title_norm
The Man Who Would Be King,1975,the man who would be king,983.0,tt0073341,1975-12-03,7.6,148.0,title_norm
The Conversation,1974,the conversation,592.0,tt0071360,1974-04-07,7.5,377.0,title_norm
La planète sauvage,1973,la planète sauvage,16306,tt0070544,1973-05-01,7.6,140.0,original_title_norm
The Day of the Jackal,1973,the day of the jackal,4909.0,tt0069947,1973-05-15,7.3,150.0,title_norm
Badlands,1973,badlands,3133.0,tt0069762,1973-10-15,7.5,301.0,title_norm
Cabaret,1972,cabaret,10784.0,tt0068327,1972-02-13,7.4,210.0,title_norm
Willy Wonka & the Chocolate Factory,1971,willy wonka  the chocolate factory,252.0,tt0067992,1971-06-29,7.4,826.0,title_norm
Midnight Cowboy,1969,midnight cowboy,3116.0,tt0064665,1969-05-25,7.4,307.0,title_norm
Wait Until Dark,1967,wait until dark,11206.0,tt0062467,1967-10-26,7.5,112.0,title_norm
Guess Who's Coming to Dinner,1967,guess whos coming to dinner,1879.0,tt0061735,1967-12-11,7.6,174.0,title_norm
Bonnie and Clyde,1967,bonnie and clyde,475.0,tt0061418,1967-07-18,7.6,384.0,title_norm
My Fair Lady,1964,my fair lady,11113.0,tt0058385,1964-10-21,7.4,361.0,title_norm
Mary Poppins,1964,mary poppins,433.0,tt0058331,1964-08-27,7.4,1217.0,title_norm
The Longest Day,1962,the longest day,9289.0,tt0056197,1962-09-25,7.3,237.0,title_norm
Jules et Jim,1962,jules et jim,1628,tt0055032,1962-01-23,7.6,163.0,original_title_norm
The Innocents,1961,the innocents,16372.0,tt0055018,1961-12-25,7.5,126.0,title_norm
À bout de souffle,1960,à bout de souffle,269,tt0053472,1960-03-16,7.7,322.0,original_title_norm
Red River,1948,red river,3089.0,tt0040724,1948-08-26,7.3,85.0,title_norm
Key Largo,1948,key largo,11016.0,tt0040506,1948-07-31,7.6,124.0,title_norm
To Have and Have Not,1944,to have and have not,22584.0,tt0037382,1944-10-11,7.6,112.0,title_norm
Shadow of a Doubt,1943,shadow of a doubt,21734.0,tt0036342,1943-01-16,7.5,219.0,title_norm
Stagecoach,1939,stagecoach,995.0,tt0031971,1939-03-02,7.6,216.0,title_norm
The Lady Vanishes,1938,the lady vanishes,940.0,tt0030341,1938-07-26,7.5,183.0,title_norm
Bringing Up Baby,1938,bringing up baby,900.0,tt0029947,1938-02-18,7.6,201.0,title_norm
Bride of Frankenstein,1935,bride of frankenstein,229.0,tt0026138,1935-04-21,7.4,208.0,title_norm
Duck Soup,1933,duck soup,3063.0,tt0023969,1933-11-17,7.6,170.0,title_norm
Scarface: The Shame of the Nation,1932,scarface the shame of the nation,,,,,,
Frankenstein,1931,frankenstein,3035.0,tt0021884,1931-11-21,7.3,295.0,title_norm
Roma,2018,roma,,,,,,
God's Own Country,2017,gods own country,428493.0,tt5635086,2017-09-01,5.4,8.0,title_norm
Deadpool 2,2018,deadpool 2,,,,,,
Wind River,2017,wind river,395834.0,tt5362988,2017-08-03,7.4,181.0,title_norm
Get Out,2017,get out,419430.0,tt5052448,2017-02-24,7.2,2978.0,title_norm
Mission: Impossible - Fallout,2018,mission impossible  fallout,,,,,,
En man som heter Ove,2015,en man som heter ove,348678,tt4080728,2015-12-25,7.5,198.0,original_title_norm
What We Do in the Shadows,2014,what we do in the shadows,246741.0,tt3416742,2014-06-19,7.4,779.0,title_norm
Omoide no Mânî,2014,omoide no mânî,,,,,,
The Theory of Everything,2014,the theory of everything,266856.0,tt2980516,2014-11-26,7.8,3403.0,title_norm
Kingsman: The Secret Service,2014,kingsman the secret service,,,,,,
The Fault in Our Stars,2014,the fault in our stars,222935.0,tt2582846,2014-05-16,7.6,3868.0,title_norm
Me and Earl and the Dying Girl,2015,me and earl and the dying girl,308369.0,tt2582496,2015-06-12,7.7,962.0,title_norm
Birdman or (The Unexpected Virtue of Ignorance),2014,birdman or the unexpected virtue of ignorance,,,,,,
La vie d'Adèle,2013,la vie dadèle,,,,,,
Kai po che!,2013,kai po che,168245.0,tt2213054,2013-02-13,6.5,32.0,title_norm
The Broken Circle Breakdown,2012,the broken circle breakdown,137182.0,tt2024519,2012-10-09,7.7,341.0,title_norm
Captain America: The Winter Soldier,2014,captain america the winter soldier,100402.0,tt1843866,2014-03-20,7.6,5881.0,title_norm
Rockstar,2011,rockstar,79464.0,tt1839596,2011-11-11,7.4,45.0,title_norm
Nebraska,2013,nebraska,129670.0,tt1821549,2013-09-21,7.4,648.0,title_norm
Wreck-It Ralph,2012,wreckit ralph,82690.0,tt1772341,2012-11-01,7.1,4656.0,title_norm
Le Petit Prince,2015,le petit prince,,,,,,
Detachment,2011,detachment,74308.0,tt1683526,2011-04-24,7.3,343.0,title_norm
Midnight in Paris,2011,midnight in paris,59436.0,tt1605783,2011-05-11,7.4,2049.0,title_norm
The Lego Movie,2014,the lego movie,137106.0,tt1490017,2014-02-06,7.5,3127.0,title_norm
Gravity,2013,gravity,49047.0,tt1454468,2013-09-27,7.3,5879.0,title_norm
Star Trek Into Darkness,2013,star trek into darkness,54138.0,tt1408101,2013-05-05,7.4,4479.0,title_norm
Beasts of No Nation,2015,beasts of no nation,283587.0,tt1365050,2015-09-11,7.6,476.0,title_norm
The Social Network,2010,the social network,37799.0,tt1285016,2010-09-30,7.1,3492.0,title_norm
X: First Class,2011,x first class,,,,,,
The Hangover,2009,the hangover,18785.0,tt1119646,2009-06-05,7.2,6324.0,title_norm
Skyfall,2012,skyfall,37724.0,tt1074638,2012-10-25,6.9,7718.0,title_norm
Silver Linings Playbook,2012,silver linings playbook,82693.0,tt1045658,2012-09-08,7.0,4840.0,title_norm
Argo,2012,argo,68734.0,tt1024648,2012-10-11,7.1,3473.0,title_norm
(500) Days of Summer,2009,500 days of summer,19913.0,tt1022603,2009-07-17,7.2,2993.0,title_norm
Harry Potter and the Deathly Hallows: Part 1,2010,harry potter and the deathly hallows part 1,12444.0,tt0926084,2010-10-17,7.5,5708.0,title_norm
Gake no ue no Ponyo,2008,gake no ue no ponyo,,,,,,
Frost/Nixon,2008,frostnixon,11499.0,tt0870111,2008-10-15,7.2,333.0,title_norm
Papurika,2006,papurika,,,,,,
Changeling,2008,changeling,3580.0,tt0824747,2008-01-30,7.3,1151.0,title_norm
Flipped,2010,flipped,43949.0,tt0817177,2010-08-06,7.4,426.0,title_norm
Toki o kakeru shôjo,2006,toki o kakeru shôjo,,,,,,
Death Note: Desu nôto,2006,death note desu nôto,,,,,,
This Is England,2006,this is england,11798.0,tt0480025,2006-09-12,7.4,370.0,title_norm
Ex Machina,2014,ex machina,,,,,,
Efter brylluppet,2006,efter brylluppet,3549,tt0457655,2006-02-24,7.2,102.0,original_title_norm
The Last King of Scotland,2006,the last king of scotland,1523.0,tt0455590,2006-09-01,7.4,568.0,title_norm
Zodiac,2007,zodiac,1949.0,tt0443706,2007-03-02,7.3,2080.0,title_norm
Lucky Number Slevin,2006,lucky number slevin,186.0,tt0425210,2006-02-24,7.4,1356.0,title_norm
Joyeux Noël,2005,joyeux noël,11661.0,tt0424205,2005-11-09,7.2,216.0,title_norm
Control,2007,control,5708.0,tt0421082,2007-09-26,7.5,206.0,title_norm
Tangled,2010,tangled,38757.0,tt0398286,2010-11-24,7.4,3419.0,title_norm
Zwartboek,2006,zwartboek,9075,tt0389557,2006-09-01,7.2,288.0,original_title_norm
Brokeback Mountain,2005,brokeback mountain,142.0,tt0388795,2005-09-02,7.5,1531.0,title_norm
3:10 to Yuma,2007,310 to yuma,5176.0,tt0381849,2007-09-06,6.9,1210.0,title_norm
Crash,2004,crash,1640.0,tt0375679,2004-01-13,7.2,1172.0,title_norm
Kung fu,2004,kung fu,,,,,,
The Bourne Supremacy,2004,the bourne supremacy,2502.0,tt0372183,2004-07-23,7.2,2873.0,title_norm
The Machinist,2004,the machinist,4553.0,tt0361862,2004-02-09,7.3,1280.0,title_norm
Ray,2004,ray,1677.0,tt0350258,2004-10-29,7.2,481.0,title_norm
Lost in Translation,2003,lost in translation,153.0,tt0335266,2003-08-31,7.3,1943.0,title_norm
Harry Potter and the Goblet of Fire,2005,harry potter and the goblet of fire,674.0,tt0330373,2005-11-05,7.5,5758.0,title_norm
Man on Fire,2004,man on fire,9509.0,tt0328107,2004-04-23,7.3,1583.0,title_norm
Coraline,2009,coraline,14836.0,tt0327597,2009-02-05,7.3,1432.0,title_norm
The Last Samurai,2003,the last samurai,616.0,tt0325710,2003-12-05,7.3,1946.0,title_norm
The Magdalene Sisters,2002,the magdalene sisters,8094.0,tt0318411,2002-10-24,7.4,114.0,title_norm
Good Bye Lenin!,2003,good bye lenin,338.0,tt0301357,2003-02-09,7.4,602.0,title_norm
In America,2002,in america,,,,,,
I Am Sam,2001,i am sam,10950.0,tt0277027,2001-12-28,7.2,542.0,title_norm
Adaptation.,2002,adaptation,2757.0,tt0268126,2002-12-06,7.3,649.0,title_norm
Black Hawk Down,2001,black hawk down,855.0,tt0265086,2001-12-28,7.2,1832.0,title_norm
Road to Perdition,2002,road to perdition,4147.0,tt0257044,2002-07-12,7.3,1102.0,title_norm
Das Experiment,2001,das experiment,575,tt0250258,2001-03-07,7.5,319.0,original_title_norm
Billy Elliot,2000,billy elliot,71.0,tt0249462,2000-05-18,7.4,774.0,title_norm
Hedwig and the Angry Inch,2001,hedwig and the angry inch,13403.0,tt0248845,2001-07-20,7.4,81.0,title_norm
Ocean's Eleven,2001,oceans eleven,161.0,tt0240772,2001-12-07,7.2,3857.0,title_norm
Vampire Hunter D: Bloodlust,2000,vampire hunter d bloodlust,15999.0,tt0216651,2000-08-25,7.0,92.0,title_norm
"O Brother, Where Art Thou?",2000,o brother where art thou,134.0,tt0190590,2000-08-30,7.3,1144.0,title_norm
Interstate 60: Episodes of the Road,2002,interstate 60 episodes of the road,,,,,,
"South Park: Bigger, Longer & Uncut",1999,south park bigger longer  uncut,9473.0,tt0158983,1999-06-30,7.1,916.0,title_norm
Office Space,1999,office space,1542.0,tt0151804,1999-02-19,7.4,1068.0,title_norm
Happiness,1998,happiness,10683.0,tt0147612,1998-10-16,7.4,197.0,title_norm
Training Day,2001,training day,2034.0,tt0139654,2001-10-05,7.3,1665.0,title_norm
Rushmore,1998,rushmore,11545.0,tt0128445,1998-09-17,7.5,688.0,title_norm
Abre los ojos,1997,abre los ojos,1902,tt0125659,1997-12-19,7.4,211.0,original_title_norm
Being John Malkovich,1999,being john malkovich,492.0,tt0120601,1999-09-30,7.3,1124.0,title_norm
As Good as It Gets,1997,as good as it gets,2898.0,tt0119822,1997-12-19,7.2,946.0,title_norm
The Fifth Element,1997,the fifth element,18.0,tt0119116,1997-05-07,7.3,3962.0,title_norm
Le dîner de cons,1998,le dîner de cons,9421,tt0119038,1998-04-15,7.7,408.0,original_title_norm
Donnie Brasco,1997,donnie brasco,9366.0,tt0119008,1997-02-27,7.4,1175.0,title_norm
Shine,1996,shine,7863.0,tt0117631,1996-01-21,7.3,136.0,title_norm
Primal Fear,1996,primal fear,1592.0,tt0117381,1996-04-03,7.4,644.0,title_norm
Hamlet,1996,hamlet,10549.0,tt0116477,1996-12-25,7.3,118.0,title_norm
A Little Princess,1995,a little princess,19101.0,tt0113670,1995-05-10,7.4,207.0,title_norm
Do lok tin si,1995,do lok tin si,,,,,,
Il postino,1994,il postino,11010,tt0110877,1994-09-22,7.6,181.0,original_title_norm
Clerks,1994,clerks,2292.0,tt0109445,1994-09-13,7.4,769.0,title_norm
Short Cuts,1993,short cuts,695.0,tt0108122,1993-09-05,6.9,136.0,title_norm
Philadelphia,1993,philadelphia,9800.0,tt0107818,1993-12-22,7.6,1019.0,title_norm
The Muppet Christmas Carol,1992,the muppet christmas carol,10437.0,tt0104940,1992-12-10,7.2,217.0,title_norm
Malcolm X,1992,malcolm x,1883.0,tt0104797,1992-11-18,7.3,377.0,title_norm
The Last of the Mohicans,1992,the last of the mohicans,9361.0,tt0104691,1992-09-25,7.1,747.0,title_norm
Kurenai no buta,1992,kurenai no buta,,,,,,
Glengarry Glen Ross,1992,glengarry glen ross,9504.0,tt0104348,1992-09-15,7.5,330.0,title_norm
A Few Good Men,1992,a few good men,881.0,tt0104257,1992-12-11,7.1,899.0,title_norm
Fried Green Tomatoes,1991,fried green tomatoes,1633.0,tt0101921,1991-12-27,7.6,298.0,title_norm
Barton Fink,1991,barton fink,290.0,tt0101410,1991-08-01,7.4,450.0,title_norm
Miller's Crossing,1990,millers crossing,379.0,tt0100150,1990-09-21,7.5,431.0,title_norm
Who Framed Roger Rabbit,1988,who framed roger rabbit,856.0,tt0096438,1988-06-21,7.2,1466.0,title_norm
Spoorloos,1988,spoorloos,8740,tt0096163,1988-10-27,7.4,124.0,original_title_norm
Withnail & I,1987,withnail  i,13446.0,tt0094336,1987-01-01,7.4,173.0,title_norm
The Last Emperor,1987,the last emperor,746.0,tt0093389,1987-10-21,7.4,362.0,title_norm
Empire of the Sun,1987,empire of the sun,10110.0,tt0092965,1987-12-09,7.3,491.0,title_norm
Der Name der Rose,1986,der name der rose,,,,,,
Blue Velvet,1986,blue velvet,793.0,tt0090756,1986-08-01,7.7,758.0,title_norm
The Purple Rose of Cairo,1985,the purple rose of cairo,10849.0,tt0089853,1985-03-01,7.3,206.0,title_norm
After Hours,1985,after hours,10843.0,tt0088680,1985-09-13,7.4,251.0,title_norm
Zelig,1983,zelig,11030.0,tt0086637,1983-07-15,7.4,209.0,title_norm
The Verdict,1982,the verdict,24226.0,tt0084855,1982-12-08,7.4,132.0,title_norm
Star Trek II: The Wrath of Khan,1982,star trek ii the wrath of khan,154.0,tt0084726,1982-06-03,7.3,688.0,title_norm
First Blood,1982,first blood,1368.0,tt0083944,1982-10-22,7.2,1523.0,title_norm
Ordinary People,1980,ordinary people,16619.0,tt0081283,1980-09-19,7.4,147.0,title_norm
Airplane!,1980,airplane,813.0,tt0080339,1980-07-02,7.1,1104.0,title_norm
Rupan sansei: Kariosutoro no shiro,1979,rupan sansei kariosutoro no shiro,15371,tt0079833,1979-12-15,7.5,170.0,original_title_norm
Halloween,1978,halloween,948.0,tt0077651,1978-10-25,7.4,1066.0,title_norm
Le locataire,1976,le locataire,11482,tt0074811,1976-05-26,7.7,181.0,original_title_norm
Love and Death,1975,love and death,11686.0,tt0073312,1975-06-10,7.5,176.0,title_norm
The Taking of Pelham One Two Three,1974,the taking of pelham one two three,8333.0,tt0072251,1974-10-02,7.6,109.0,title_norm
Blazing Saddles,1974,blazing saddles,11072.0,tt0071230,1974-02-07,7.2,619.0,title_norm
Serpico,1973,serpico,9040.0,tt0070666,1973-12-05,7.5,429.0,title_norm
Enter the Dragon,1973,enter the dragon,9461.0,tt0070034,1973-08-17,7.3,489.0,title_norm
Deliverance,1972,deliverance,10669.0,tt0068473,1972-07-30,7.2,441.0,title_norm
The French Connection,1971,the french connection,1051.0,tt0067116,1971-10-09,7.4,435.0,title_norm
Dirty Harry,1971,dirty harry,984.0,tt0066999,1971-12-21,7.4,630.0,title_norm
Where Eagles Dare,1968,where eagles dare,11046.0,tt0065207,1968-12-04,7.4,233.0,title_norm
The Odd Couple,1968,the odd couple,11356.0,tt0063374,1968-02-07,7.5,121.0,title_norm
The Dirty Dozen,1967,the dirty dozen,1654.0,tt0061578,1967-06-15,7.5,309.0,title_norm
Belle de jour,1967,belle de jour,649.0,tt0061395,1967-05-24,7.3,163.0,title_norm
A Man for All Seasons,1966,a man for all seasons,874.0,tt0060665,1966-12-12,7.5,90.0,title_norm
Repulsion,1965,repulsion,11481.0,tt0059646,1965-06-01,7.5,218.0,title_norm
Zulu,1964,zulu,14433.0,tt0058777,1964-01-22,7.4,137.0,title_norm
Goldfinger,1964,goldfinger,658.0,tt0058150,1964-09-17,7.2,1005.0,title_norm
The Birds,1963,the birds,571.0,tt0056869,1963-03-28,7.3,959.0,title_norm
Cape Fear,1962,cape fear,11349.0,tt0055824,1962-04-12,7.2,125.0,title_norm
Peeping Tom,1960,peeping tom,11167.0,tt0054167,1960-04-06,7.6,148.0,title_norm
The Magnificent Seven,1960,the magnificent seven,966.0,tt0054047,1960-10-22,7.4,472.0,title_norm
Les yeux sans visage,1960,les yeux sans visage,31417,tt0053459,1960-01-11,7.5,130.0,original_title_norm
Invasion of the Body Snatchers,1956,invasion of the body snatchers,11549.0,tt0049366,1956-02-05,7.3,277.0,title_norm
Rebel Without a Cause,1955,rebel without a cause,221.0,tt0048545,1955-10-27,7.6,351.0,title_norm
The Ladykillers,1955,the ladykillers,5506.0,tt0048281,1955-12-08,7.3,104.0,title_norm
Sabrina,1954,sabrina,6620.0,tt0047437,1954-09-28,7.4,284.0,title_norm
The Quiet Man,1952,the quiet man,3109.0,tt0045061,1952-07-21,7.3,118.0,title_norm
The Day the Earth Stood Still,1951,the day the earth stood still,828.0,tt0043456,1951-09-17,7.3,323.0,title_norm
The African Queen,1951,the african queen,488.0,tt0043265,1951-12-03,7.4,232.0,title_norm
Gilda,1946,gilda,3767.0,tt0038559,1946-02-14,7.6,113.0,title_norm
Fantasia,1940,fantasia,756.0,tt0032455,1940-11-13,7.2,831.0,title_norm
The Invisible Man,1933,the invisible man,10787.0,tt0024184,1933-11-13,7.3,151.0,title_norm
Dark Waters,2019,dark waters,,,,,,
Searching,2018,searching,,,,,,
Once Upon a Time... in Hollywood,2019,once upon a time in hollywood,,,,,,
Nelyubov,2017,nelyubov,,,,,,
The Florida Project,2017,the florida project,,,,,,
Just Mercy,2019,just mercy,,,,,,
Gifted,2017,gifted,400928.0,tt4481414,2017-04-12,7.7,549.0,title_norm
The Peanut Butter Falcon,2019,the peanut butter falcon,,,,,,
Victoria,2015,victoria,320007.0,tt4226388,2015-06-11,7.9,388.0,title_norm
Mustang,2015,mustang,336804.0,tt3966404,2015-06-17,8.0,378.0,title_norm
Guardians of the Galaxy Vol. 2,2017,guardians of the galaxy vol 2,283995.0,tt3896198,2017-04-19,7.6,4858.0,title_norm
Baby Driver,2017,baby driver,339403.0,tt3890160,2017-06-28,7.2,2083.0,title_norm
Only the Brave,2017,only the brave,,,,,,
Bridge of Spies,2015,bridge of spies,296098.0,tt3682448,2015-10-15,7.2,2633.0,title_norm
Incredibles 2,2018,incredibles 2,,,,,,
Moana,2016,moana,277834.0,tt3521164,2016-11-23,7.3,3471.0,title_norm
Sicario,2015,sicario,273481.0,tt3397884,2015-09-17,7.2,2465.0,title_norm
Creed,2015,creed,312221.0,tt3076658,2015-11-25,7.3,1963.0,title_norm
Leviafan,2014,leviafan,,,,,,
Hell or High Water,2016,hell or high water,338766.0,tt2582782,2016-08-12,7.2,1304.0,title_norm
Philomena,2013,philomena,205220.0,tt2431286,2013-11-01,7.4,588.0,title_norm
Dawn of the Planet of the Apes,2014,dawn of the planet of the apes,119450.0,tt2103281,2014-06-26,7.3,4511.0,title_norm
El cuerpo,2012,el cuerpo,111083,tt1937149,2012-10-04,7.5,233.0,original_title_norm
Serbuan maut,2011,serbuan maut,94329,tt1899353,2011-09-08,7.3,1076.0,original_title_norm
End of Watch,2012,end of watch,77016.0,tt1855199,2012-09-20,7.2,1186.0,title_norm
Kari-gurashi no Arietti,2010,karigurashi no arietti,,,,,,
A Star Is Born,2018,a star is born,,,,,,
True Grit,2010,true grit,44264.0,tt1403865,2010-12-22,7.2,1701.0,title_norm
Hævnen,2010,hævnen,44716,tt1340107,2010-08-26,7.3,116.0,original_title_norm
Despicable Me,2010,despicable me,20352.0,tt1323594,2010-07-08,7.1,6595.0,title_norm
50/50,2011,5050,40807.0,tt1306980,2011-09-30,7.0,1287.0,title_norm
Kick-Ass,2010,kickass,23483.0,tt1250777,2010-03-22,7.1,4747.0,title_norm
Celda 211,2009,celda 211,33273,tt1242422,2009-11-06,7.3,288.0,original_title_norm
Moneyball,2011,moneyball,60308.0,tt1210166,2011-09-22,7.0,1409.0,title_norm
La piel que habito,2011,la piel que habito,63311,tt1189073,2011-08-17,7.4,797.0,original_title_norm
Zombieland,2009,zombieland,19908.0,tt1156398,2009-10-07,7.2,3655.0,title_norm
Die Welle,2008,die welle,7735,tt1063669,2008-03-11,7.5,870.0,original_title_norm
Sherlock Holmes,2009,sherlock holmes,10528.0,tt0988045,2009-12-23,7.0,5883.0,title_norm
The Blind Side,2009,the blind side,22881.0,tt0878804,2009-11-20,7.2,1626.0,title_norm
The Visitor,2007,the visitor,12473.0,tt0857191,2007-09-07,6.9,132.0,title_norm
Seven Pounds,2008,seven pounds,11321.0,tt0814314,2008-12-18,7.5,2092.0,title_norm
Eastern Promises,2007,eastern promises,2252.0,tt0765443,2007-09-14,7.2,867.0,title_norm
Stardust,2007,stardust,2270.0,tt0486655,2007-08-09,7.2,1215.0,title_norm
The Secret of Kells,2009,the secret of kells,26963.0,tt0485601,2009-02-09,7.3,184.0,title_norm
Inside Man,2006,inside man,388.0,tt0454848,2006-03-23,7.3,1671.0,title_norm
Gone Baby Gone,2007,gone baby gone,4771.0,tt0452623,2007-10-19,7.2,1034.0,title_norm
La Vie En Rose,2007,la vie en rose,1407.0,tt0450188,2007-02-08,7.3,433.0,title_norm
Huo Yuan Jia,2006,huo yuan jia,,,,,,
The Illusionist,2006,the illusionist,1491.0,tt0443543,2006-08-18,7.1,1657.0,title_norm
Dead Man's Shoes,2004,dead mans shoes,12877.0,tt0419677,2004-09-29,7.2,155.0,title_norm
Harry Potter and the Half-Blood Prince,2009,harry potter and the halfblood prince,767.0,tt0417741,2009-07-07,7.4,5435.0,title_norm
300,2006,300,1271.0,tt0416449,2006-12-09,7.0,5092.0,title_norm
Match Point,2005,match point,116.0,tt0416320,2005-10-26,7.2,1134.0,title_norm
Watchmen,2009,watchmen,13183.0,tt0409459,2009-03-05,7.0,2892.0,title_norm
Lord of War,2005,lord of war,1830.0,tt0399295,2005-09-16,7.0,1356.0,title_norm
Saw,2004,saw,176.0,tt0387564,2004-10-01,7.2,2255.0,title_norm
"Synecdoche, New York",2008,synecdoche new york,4960.0,tt0383028,2008-10-24,7.4,286.0,title_norm
Mysterious Skin,2004,mysterious skin,11171.0,tt0370986,2004-05-20,7.4,266.0,title_norm
Jeux d'enfants,2003,jeux denfants,8424,tt0364517,2003-09-17,7.4,531.0,original_title_norm
Un long dimanche de fiançailles,2004,un long dimanche de fiançailles,2841,tt0344510,2004-10-26,7.1,352.0,original_title_norm
The Station Agent,2003,the station agent,2056.0,tt0340377,2003-01-26,7.4,213.0,title_norm
21 Grams,2003,21 grams,470.0,tt0315733,2003-09-06,7.2,943.0,title_norm
Boksuneun naui geot,2002,boksuneun naui geot,,,,,,
Finding Neverland,2004,finding neverland,866.0,tt0308644,2004-10-17,7.2,1269.0,title_norm
25th Hour,2002,25th hour,1429.0,tt0307901,2002-12-16,7.2,640.0,title_norm
The Butterfly Effect,2004,the butterfly effect,1954.0,tt0289879,2004-01-22,7.3,2119.0,title_norm
28 Days Later...,2002,28 days later,170.0,tt0289043,2002-10-31,7.1,1816.0,title_norm
Batoru rowaiaru,2000,batoru rowaiaru,,,,,,
The Royal Tenenbaums,2001,the royal tenenbaums,9428.0,tt0265666,2001-10-05,7.4,1317.0,title_norm
Y tu mamá también,2001,y tu mamá también,1391.0,tt0245574,2001-06-08,7.3,321.0,title_norm
Harry Potter and the Sorcerer's Stone,2001,harry potter and the sorcerers stone,,,,,,
The Others,2001,the others,1933.0,tt0230600,2001-08-02,7.4,1708.0,title_norm
Blow,2001,blow,4133.0,tt0221027,2001-04-04,7.4,1352.0,title_norm
Enemy at the Gates,2001,enemy at the gates,853.0,tt0215750,2001-03-13,7.2,1023.0,title_norm
Minority Report,2002,minority report,180.0,tt0181689,2002-06-20,7.1,2663.0,title_norm
The Hurricane,1999,the hurricane,10400.0,tt0174856,1999-09-17,7.2,401.0,title_norm
American Psycho,2000,american psycho,1359.0,tt0144084,2000-04-13,7.3,2128.0,title_norm
Lola rennt,1998,lola rennt,104,tt0130827,1998-08-20,7.2,672.0,original_title_norm
The Thin Red Line,1998,the thin red line,8741.0,tt0120863,1998-12-25,7.2,793.0,title_norm
Mulan,1998,mulan,10674.0,tt0120762,1998-06-18,7.6,2089.0,title_norm
Fear and Loathing in Las Vegas,1998,fear and loathing in las vegas,1878.0,tt0120669,1998-05-22,7.2,1321.0,title_norm
Funny Games,1997,funny games,10234.0,tt0119167,1997-05-14,7.3,385.0,title_norm
Dark City,1998,dark city,2666.0,tt0118929,1998-02-27,7.2,838.0,title_norm
Sleepers,1996,sleepers,819.0,tt0117665,1996-10-18,7.3,729.0,title_norm
Lost Highway,1997,lost highway,638.0,tt0116922,1997-01-15,7.5,572.0,title_norm
Sense and Sensibility,1995,sense and sensibility,4584.0,tt0114388,1995-12-13,7.2,364.0,title_norm
Die Hard: With a Vengeance,1995,die hard with a vengeance,1572.0,tt0112864,1995-05-19,6.9,2094.0,title_norm
Dead Man,1995,dead man,922.0,tt0112817,1995-12-23,7.2,397.0,title_norm
The Bridges of Madison County,1995,the bridges of madison county,688.0,tt0112579,1995-05-28,7.3,397.0,title_norm
Apollo 13,,apollo 13,,,,,,
Trois couleurs: Blanc,1994,trois couleurs blanc,,,,,,
Falling Down,1993,falling down,37094.0,tt0106856,1993-02-26,7.2,837.0,title_norm
Dazed and Confused,1993,dazed and confused,9571.0,tt0106677,1993-09-24,7.4,588.0,title_norm
My Cousin Vinny,1992,my cousin vinny,10377.0,tt0104952,1992-03-13,7.3,393.0,title_norm
Omohide poro poro,1991,omohide poro poro,,,,,,
Delicatessen,1991,delicatessen,892.0,tt0101700,1991-04-17,7.4,320.0,title_norm
Home Alone,1990,home alone,771.0,tt0099785,1990-11-09,7.1,2487.0,title_norm
The Godfather: Part III,1990,the godfather part iii,242.0,tt0099674,1990-12-24,7.1,1589.0,title_norm
When Harry Met Sally...,1989,when harry met sally,639.0,tt0098635,1989-07-21,7.3,974.0,title_norm
The Little Mermaid,1989,the little mermaid,10144.0,tt0097757,1989-11-17,7.2,1921.0,title_norm
The Naked Gun: From the Files of Police Squad!,1988,the naked gun from the files of police squad,37136.0,tt0095705,1988-12-02,7.1,1020.0,title_norm
"Planes, Trains & Automobiles",1987,planes trains  automobiles,,,,,,
Lethal Weapon,1987,lethal weapon,941.0,tt0093409,1987-03-06,7.0,1367.0,title_norm
Blood Simple,1984,blood simple,11368.0,tt0086979,1984-09-07,7.3,308.0,title_norm
On Golden Pond,1981,on golden pond,11816.0,tt0082846,1981-12-04,7.3,101.0,title_norm
Mad Max 2,1981,mad max 2,8810,tt0082694,1981-12-24,7.3,981.0,original_title_norm
The Warriors,1979,the warriors,11474.0,tt0080120,1979-02-08,7.4,451.0,title_norm
The Muppet Movie,1979,the muppet movie,11176.0,tt0079588,1979-05-31,7.0,168.0,title_norm
Escape from Alcatraz,1979,escape from alcatraz,10734.0,tt0079116,1979-06-22,7.3,581.0,title_norm
Watership Down,1978,watership down,11837.0,tt0078480,1978-10-14,7.3,159.0,title_norm
Midnight Express,1978,midnight express,11327.0,tt0077928,1978-09-12,7.6,309.0,title_norm
Close Encounters of the Third Kind,1977,close encounters of the third kind,840.0,tt0075860,1977-11-16,7.2,1122.0,title_norm
The Long Goodbye,1973,the long goodbye,1847.0,tt0070334,1973-03-07,7.3,112.0,title_norm
Giù la testa,1971,giù la testa,336,tt0067140,1971-10-20,7.7,176.0,original_title_norm
Kelly's Heroes,1970,kellys heroes,11589.0,tt0065938,1970-06-22,7.2,191.0,title_norm
The Jungle Book,1967,the jungle book,9325.0,tt0061852,1967-10-17,7.1,1791.0,title_norm
Blowup,1966,blowup,1052.0,tt0060176,1966-12-18,7.3,227.0,title_norm
A Hard Day's Night,1964,a hard days night,704.0,tt0058182,1964-07-06,7.3,172.0,title_norm
Breakfast at Tiffany's,1961,breakfast at tiffanys,164.0,tt0054698,1961-10-05,7.6,1082.0,title_norm
Giant,1956,giant,1712.0,tt0049261,1956-10-10,7.5,169.0,title_norm
From Here to Eternity,1953,from here to eternity,11426.0,tt0045793,1953-08-28,7.2,137.0,title_norm
Lifeboat,1944,lifeboat,13321.0,tt0037017,1944-01-11,7.3,112.0,title_norm
The 39 Steps,1935,the 39 steps,260.0,tt0026029,1935-06-01,7.4,217.0,title_norm
